
OpenSBI v1.7
   ____                    _____ ____ _____
  / __ \                  / ____|  _ \_   _|
 | |  | |_ __   ___ _ __ | (___ | |_) || |
 | |  | | '_ \ / _ \ '_ \ \___ \|  _ < | |
 | |__| | |_) |  __/ | | |____) | |_) || |_
  \____/| .__/ \___|_| |_|_____/|____/_____|
        | |
        |_|

Platform Name               : riscv-virtio,qemu
Platform Features           : medeleg
Platform HART Count         : 4
Platform IPI Device         : aclint-mswi
Platform Timer Device       : aclint-mtimer @ 10000000Hz
Platform Console Device     : uart8250
Platform HSM Device         : ---
Platform PMU Device         : ---
Platform Reboot Device      : syscon-reboot
Platform Shutdown Device    : syscon-poweroff
Platform Suspend Device     : ---
Platform CPPC Device        : ---
Firmware Base               : 0x80000000
Firmware Size               : 353 KB
Firmware RW Offset          : 0x40000
Firmware RW Size            : 97 KB
Firmware Heap Offset        : 0x4c000
Firmware Heap Size          : 49 KB (total), 3 KB (reserved), 12 KB (used), 33 KB (free)
Firmware Scratch Size       : 4096 B (total), 1400 B (used), 2696 B (free)
Runtime SBI Version         : 3.0
Standard SBI Extensions     : time,rfnc,ipi,base,hsm,srst,pmu,dbcn,fwft,legacy,dbtr,sse
Experimental SBI Extensions : none

Domain0 Name                : root
Domain0 Boot HART           : 0
Domain0 HARTs               : 0*,1*,2*,3*
Domain0 Region00            : 0x0000000000100000-0x0000000000100fff M: (I,R,W) S/U: (R,W)
Domain0 Region01            : 0x0000000010000000-0x0000000010000fff M: (I,R,W) S/U: (R,W)
Domain0 Region02            : 0x0000000002000000-0x000000000200ffff M: (I,R,W) S/U: ()
Domain0 Region03            : 0x0000000080040000-0x000000008005ffff M: (R,W) S/U: ()
Domain0 Region04            : 0x0000000080000000-0x000000008003ffff M: (R,X) S/U: ()
Domain0 Region05            : 0x000000000c400000-0x000000000c5fffff M: (I,R,W) S/U: (R,W)
Domain0 Region06            : 0x000000000c000000-0x000000000c3fffff M: (I,R,W) S/U: (R,W)
Domain0 Region07            : 0x0000000000000000-0xffffffffffffffff M: () S/U: (R,W,X)
Domain0 Next Address        : 0x0000000080200000
Domain0 Next Arg1           : 0x00000000ffe00000
Domain0 Next Mode           : S-mode
Domain0 SysReset            : yes
Domain0 SysSuspend          : yes

Boot HART ID                : 0
Boot HART Domain            : root
Boot HART Priv Version      : v1.12
Boot HART Base ISA          : rv64imafdch
Boot HART ISA Extensions    : sstc,zicntr,zihpm,zkr,zicboz,zicbom,svpbmt,sdtrig,svade
Boot HART PMP Count         : 16
Boot HART PMP Granularity   : 2 bits
Boot HART PMP Address Bits  : 54
Boot HART MHPM Info         : 16 (0x0007fff8)
Boot HART Debug Triggers    : 2 triggers
Boot HART MIDELEG           : 0x0000000000001666
Boot HART MEDELEG           : 0x0000000000f4b509


U-Boot 2026.07 (Sep 01 2026 - 14:37:08 +0000)

CPU:   riscv
Model: riscv-virtio,qemu
DRAM:  2 GiB
using memory 0xfeead000-0xff6cd000 for malloc()
Core:  31 devices, 14 uclasses, devicetree: board
Flash: 32 MiB
Loading Environment from nowhere... OK
In:    serial,usbkbd
Out:   serial,vidconsole
Err:   serial,vidconsole
No USB controllers found
Net:   eth0: virtio-net#0
[?25h
Working FDT set to feeaa980
[2KHit any key to stop autoboot: 2[2KHit any key to stop autoboot: 1[2KHit any key to stop autoboot: 0

Device 0: unknown device

Device 0: QEMU VirtIO Block Device
            Type: Hard Disk
            Capacity: 64.0 MB = 0.0 GB (131072 x 512)
... is now current device
** No partition table - virtio 0 **
Couldn't find partition virtio 0:1

Device 1: QEMU VirtIO Block Device
            Type: Hard Disk
            Capacity: 2048.0 MB = 2.0 GB (4194304 x 512)
... is now current device
** No partition table - virtio 1 **
Couldn't find partition virtio 1:1
scanning bus for devices...

Device 0: unknown device
BOOTP broadcast 1
DHCP client bound to address 10.0.2.15 (2 ms)
Using virtio-net#0 device
TFTP from server 10.0.2.2; our IP address is 10.0.2.15
Filename 'boot.scr.uimg'.
Load address: 0x8c100000
Loading: *
TFTP error: 'Access violation' (2)
Not retrying...
BOOTP broadcast 1
DHCP client bound to address 10.0.2.15 (0 ms)
Using virtio-net#0 device
TFTP from server 10.0.2.2; our IP address is 10.0.2.15
Filename 'boot.scr.uimg'.
Load address: 0x84000000
Loading: *
TFTP error: 'Access violation' (2)
Not retrying...
=> setenv ast_sa __ASTERINAS_UBOOT_1_0B; setenv ast_sb 52D5E845F58560_STATUS__; setenv ast_da __ASTERINAS_UBOOT_1_0; setenv ast_db B52D5E845F58560_DONE__; if pci enum; then echo ${ast_sa}${ast_sb}0; else echo ${ast_sa}${ast_sb}1; fi; echo ${ast_da}${ast_db}
__ASTERINAS_UBOOT_1_0B52D5E845F58560_STATUS__0
__ASTERINAS_UBOOT_1_0B52D5E845F58560_DONE__
=> setenv ast_sa __ASTERINAS_UBOOT_2_6C; setenv ast_sb 104B79D5AFC90C_STATUS__; setenv ast_da __ASTERINAS_UBOOT_2_6; setenv ast_db C104B79D5AFC90C_DONE__; if pci bar 0.1.0; then echo ${ast_sa}${ast_sb}0; else echo ${ast_sa}${ast_sb}1; fi; echo ${ast_da}${ast_db}
ID   Base                Size                Width  Type
----------------------------------------------------------
 0   0x0000000040000000  0x0000000001000000  32     MEM   Prefetchable
 2   0x0000000041000000  0x0000000000001000  32     MEM
__ASTERINAS_UBOOT_2_6C104B79D5AFC90C_STATUS__0
__ASTERINAS_UBOOT_2_6C104B79D5AFC90C_DONE__
=> setenv ast_sa __ASTERINAS_UBOOT_3_79; setenv ast_sb 165023DB38C6A6_STATUS__; setenv ast_da __ASTERINAS_UBOOT_3_7; setenv ast_db 9165023DB38C6A6_DONE__; if virtio scan; then echo ${ast_sa}${ast_sb}0; else echo ${ast_sa}${ast_sb}1; fi; echo ${ast_da}${ast_db}
__ASTERINAS_UBOOT_3_79165023DB38C6A6_STATUS__0
__ASTERINAS_UBOOT_3_79165023DB38C6A6_DONE__
=> setenv ast_sa __ASTERINAS_UBOOT_4_BB; setenv ast_sb F84BEC8E814A73_STATUS__; setenv ast_da __ASTERINAS_UBOOT_4_B; setenv ast_db BF84BEC8E814A73_DONE__; if ext4load virtio 0:0 0x80200000 /asterinas.booti; then echo ${ast_sa}${ast_sb}0; else echo ${ast_sa}${ast_sb}1; fi; echo ${ast_da}${ast_db}
6065120 bytes read in 9 ms (642.7 MiB/s)
__ASTERINAS_UBOOT_4_BBF84BEC8E814A73_STATUS__0
__ASTERINAS_UBOOT_4_BBF84BEC8E814A73_DONE__
=> setenv ast_sa __ASTERINAS_UBOOT_5_07; setenv ast_sb 9FFD305F47CE09_STATUS__; setenv ast_da __ASTERINAS_UBOOT_5_0; setenv ast_db 79FFD305F47CE09_DONE__; if ext4load virtio 0:0 0x90000000 /qemu-virt.dtb; then echo ${ast_sa}${ast_sb}0; else echo ${ast_sa}${ast_sb}1; fi; echo ${ast_da}${ast_db}
8151 bytes read in 0 ms
__ASTERINAS_UBOOT_5_079FFD305F47CE09_STATUS__0
__ASTERINAS_UBOOT_5_079FFD305F47CE09_DONE__
=> setenv ast_sa __ASTERINAS_UBOOT_6_D0; setenv ast_sb 0F69D1B473BE64_STATUS__; setenv ast_da __ASTERINAS_UBOOT_6_D; setenv ast_db 00F69D1B473BE64_DONE__; if fdt addr 0x90000000; then echo ${ast_sa}${ast_sb}0; else echo ${ast_sa}${ast_sb}1; fi; echo ${ast_da}${ast_db}
Working FDT set to 90000000
__ASTERINAS_UBOOT_6_D00F69D1B473BE64_STATUS__0
__ASTERINAS_UBOOT_6_D00F69D1B473BE64_DONE__
=> setenv ast_sa __ASTERINAS_UBOOT_7_FD; setenv ast_sb 977B732C501166_STATUS__; setenv ast_da __ASTERINAS_UBOOT_7_F; setenv ast_db D977B732C501166_DONE__; if fdt resize 0x1000; then echo ${ast_sa}${ast_sb}0; else echo ${ast_sa}${ast_sb}1; fi; echo ${ast_da}${ast_db}
__ASTERINAS_UBOOT_7_FD977B732C501166_STATUS__0
__ASTERINAS_UBOOT_7_FD977B732C501166_DONE__
=> setenv ast_sa __ASTERINAS_UBOOT_8_F0; setenv ast_sb 7FE461AC57628D_STATUS__; setenv ast_da __ASTERINAS_UBOOT_8_F; setenv ast_db 07FE461AC57628D_DONE__; if fdt mknode / framebuffer@40000000; then echo ${ast_sa}${ast_sb}0; else echo ${ast_sa}${ast_sb}1; fi; echo ${ast_da}${ast_db}
__ASTERINAS_UBOOT_8_F07FE461AC57628D_STATUS__0
__ASTERINAS_UBOOT_8_F07FE461AC57628D_DONE__
=> setenv ast_sa __ASTERINAS_UBOOT_9_1F; setenv ast_sb 5E3D7150CB777D_STATUS__; setenv ast_da __ASTERINAS_UBOOT_9_1; setenv ast_db F5E3D7150CB777D_DONE__; if fdt set /framebuffer@40000000 compatible "simple-framebuffer"; then echo ${ast_sa}${ast_sb}0; else echo ${ast_sa}${ast_sb}1; fi; echo ${ast_da}${ast_db}
__ASTERINAS_UBOOT_9_1F5E3D7150CB777D_STATUS__0
__ASTERINAS_UBOOT_9_1F5E3D7150CB777D_DONE__
=> setenv ast_sa __ASTERINAS_UBOOT_10_57; setenv ast_sb D96C85D563E7A3_STATUS__; setenv ast_da __ASTERINAS_UBOOT_10_5; setenv ast_db 7D96C85D563E7A3_DONE__; if fdt set /framebuffer@40000000 reg <0x0 0x40000000 0x0 0x1000000>; then echo ${ast_sa}${ast_sb}0; else echo ${ast_sa}${ast_sb}1; fi; echo ${ast_da}${ast_db}
__ASTERINAS_UBOOT_10_57D96C85D563E7A3_STATUS__0
__ASTERINAS_UBOOT_10_57D96C85D563E7A3_DONE__
=> setenv ast_sa __ASTERINAS_UBOOT_11_E5; setenv ast_sb DA25F0BDB285DE_STATUS__; setenv ast_da __ASTERINAS_UBOOT_11_E; setenv ast_db 5DA25F0BDB285DE_DONE__; if fdt set /framebuffer@40000000 width <0x500>; then echo ${ast_sa}${ast_sb}0; else echo ${ast_sa}${ast_sb}1; fi; echo ${ast_da}${ast_db}
__ASTERINAS_UBOOT_11_E5DA25F0BDB285DE_STATUS__0
__ASTERINAS_UBOOT_11_E5DA25F0BDB285DE_DONE__
=> setenv ast_sa __ASTERINAS_UBOOT_12_76; setenv ast_sb 8EB9213E971A46_STATUS__; setenv ast_da __ASTERINAS_UBOOT_12_7; setenv ast_db 68EB9213E971A46_DONE__; if fdt set /framebuffer@40000000 height <0x400>; then echo ${ast_sa}${ast_sb}0; else echo ${ast_sa}${ast_sb}1; fi; echo ${ast_da}${ast_db}
__ASTERINAS_UBOOT_12_768EB9213E971A46_STATUS__0
__ASTERINAS_UBOOT_12_768EB9213E971A46_DONE__
=> setenv ast_sa __ASTERINAS_UBOOT_13_41; setenv ast_sb C876EA5A0756C5_STATUS__; setenv ast_da __ASTERINAS_UBOOT_13_4; setenv ast_db 1C876EA5A0756C5_DONE__; if fdt set /framebuffer@40000000 stride <0x1400>; then echo ${ast_sa}${ast_sb}0; else echo ${ast_sa}${ast_sb}1; fi; echo ${ast_da}${ast_db}
__ASTERINAS_UBOOT_13_41C876EA5A0756C5_STATUS__0
__ASTERINAS_UBOOT_13_41C876EA5A0756C5_DONE__
=> setenv ast_sa __ASTERINAS_UBOOT_14_1A; setenv ast_sb 621F6D42EE886D_STATUS__; setenv ast_da __ASTERINAS_UBOOT_14_1; setenv ast_db A621F6D42EE886D_DONE__; if fdt set /framebuffer@40000000 format "x8r8g8b8"; then echo ${ast_sa}${ast_sb}0; else echo ${ast_sa}${ast_sb}1; fi; echo ${ast_da}${ast_db}
__ASTERINAS_UBOOT_14_1A621F6D42EE886D_STATUS__0
__ASTERINAS_UBOOT_14_1A621F6D42EE886D_DONE__
=> setenv ast_sa __ASTERINAS_UBOOT_15_CB; setenv ast_sb 151EF99B3FD95C_STATUS__; setenv ast_da __ASTERINAS_UBOOT_15_C; setenv ast_db B151EF99B3FD95C_DONE__; if fdt set /framebuffer@40000000 status "okay"; then echo ${ast_sa}${ast_sb}0; else echo ${ast_sa}${ast_sb}1; fi; echo ${ast_da}${ast_db}
__ASTERINAS_UBOOT_15_CB151EF99B3FD95C_STATUS__0
__ASTERINAS_UBOOT_15_CB151EF99B3FD95C_DONE__
=> setenv ast_sa __ASTERINAS_UBOOT_16_B8; setenv ast_sb 31EFC4D381722D_STATUS__; setenv ast_da __ASTERINAS_UBOOT_16_B; setenv ast_db 831EFC4D381722D_DONE__; if ext4load virtio 0:0 0x83000000 /stage1-initramfs.cpio; then echo ${ast_sa}${ast_sb}0; else echo ${ast_sa}${ast_sb}1; fi; echo ${ast_da}${ast_db}
1044480 bytes read in 1 ms (996.1 MiB/s)
__ASTERINAS_UBOOT_16_B831EFC4D381722D_STATUS__0
__ASTERINAS_UBOOT_16_B831EFC4D381722D_DONE__
=> setenv ast_sa __ASTERINAS_UBOOT_17_B5; setenv ast_sb 64E854BA6B5487_STATUS__; setenv ast_da __ASTERINAS_UBOOT_17_B; setenv ast_db 564E854BA6B5487_DONE__; if setenv initrd_size ${filesize}; then echo ${ast_sa}${ast_sb}0; else echo ${ast_sa}${ast_sb}1; fi; echo ${ast_da}${ast_db}
__ASTERINAS_UBOOT_17_B564E854BA6B5487_STATUS__0
__ASTERINAS_UBOOT_17_B564E854BA6B5487_DONE__
=> setenv ast_sa __ASTERINAS_UBOOT_18_63; setenv ast_sb B3C32D83B825E6_STATUS__; setenv ast_da __ASTERINAS_UBOOT_18_6; setenv ast_db 3B3C32D83B825E6_DONE__; if setenv ast_bootargs_0 "console=ttyS0 loglevel=off init=/init asterinas.debian_network=qemu-slirp systemd.setenv=ASTERINAS_WEB_NETWORK_MODE=direct systemd.setenv=ASTERINAS_WEB_NETWORK_ADDRESS=10.0.2.15/24 systemd.setenv=ASTERINAS_WEB_NETWORK_GATEWAY=10.0.2.2 systemd.setenv=ASTERINAS_WEB_NETWORK_RESOLVER=10.0.2.3 systemd.setenv=ASTERINAS_DESKTOP_FIXTURE_URL=http://10.0.2.2:17894/asterinas-network-probe.bin systemd.setenv=ASTERINAS_DESKTOP_FIXTURE_SIZE=65536 systemd.setenv=ASTERINAS_DESKTOP_FIXTURE_SHA256=7daca2095d0438260fa849183dfc67faa459fdf4936e1bc91eec6b281b27e4c2 systemd.setenv=ASTERINAS_DESKTOP_FIXTURE_REQUESTS=20 systemd.setenv=ASTERINAS_DESKTOP_M5_TIMEOUT_SECONDS=300"; then echo ${ast_sa}${ast_sb}0; else echo ${ast_sa}${ast_sb}1; fi; echo ${ast_da}${ast_db}
__ASTERINAS_UBOOT_18_63B3C32D83B825E6_STATUS__0
__ASTERINAS_UBOOT_18_63B3C32D83B825E6_DONE__
=> setenv ast_sa __ASTERINAS_UBOOT_19_84; setenv ast_sb F080DEF3DDE938_STATUS__; setenv ast_da __ASTERINAS_UBOOT_19_8; setenv ast_db 4F080DEF3DDE938_DONE__; if setenv ast_bootargs_1 "systemd.setenv=ASTERINAS_DESKTOP_M5_NETWORK_MODE=lightweight systemd.mask=asterinas-browser-web-evidence.service systemd.mask=asterinas-desktop-m5-network.service systemd.setenv=ASTERINAS_BROWSER_WEB_BASIC_ONLY=1 -- --root-init=systemd --debug-console=isolated-root"; then echo ${ast_sa}${ast_sb}0; else echo ${ast_sa}${ast_sb}1; fi; echo ${ast_da}${ast_db}
__ASTERINAS_UBOOT_19_84F080DEF3DDE938_STATUS__0
__ASTERINAS_UBOOT_19_84F080DEF3DDE938_DONE__
=> setenv ast_sa __ASTERINAS_UBOOT_20_53; setenv ast_sb 0FDB150DE919D0_STATUS__; setenv ast_da __ASTERINAS_UBOOT_20_5; setenv ast_db 30FDB150DE919D0_DONE__; if setenv bootargs "${ast_bootargs_0} ${ast_bootargs_1}"; then echo ${ast_sa}${ast_sb}0; else echo ${ast_sa}${ast_sb}1; fi; echo ${ast_da}${ast_db}
__ASTERINAS_UBOOT_20_530FDB150DE919D0_STATUS__0
__ASTERINAS_UBOOT_20_530FDB150DE919D0_DONE__
=> setenv ast_ba __ASTERINAS_DESKTOP_B; setenv ast_bb OOT_1B71EE3D9284D83D__; echo ${ast_ba}${ast_bb}; booti 0x80200000 0x83000000:${initrd_size} 0x90000000
__ASTERINAS_DESKTOP_BOOT_1B71EE3D9284D83D__
## Flattened Device Tree blob at 90000000
   Booting using the fdt blob at 0x90000000
Working FDT set to 90000000
   Loading Device Tree to 00000000fde9c000, end 00000000fdea2fff ... OK
Working FDT set to fde9c000

Starting kernel ...

Enter riscv_boot
OSTD initialized. Preparing components.
Spawn the first kernel thread
[kernel] unpacking initramfs.cpio to rootfs ...
[kernel] rootfs is ready

                                  [38;2;87;180;249m.[39m[38;2;89;185;249m.[39m[38;2;91;189;250m.[39m[38;2;93;193;250m.[39m[38;2;94;197;250m.[39m[38;2;96;201;250m.[39m
                                [38;2;83;172;249m.[39m[38;2;85;176;249m-[39m[38;2;87;180;249m+[39m[38;2;89;185;249m+[39m[38;2;91;189;250m+[39m[38;2;93;193;250m+[39m[38;2;94;197;250m=[39m[38;2;96;201;250m:[39m
                               [38;2;82;168;249m.[39m[38;2;83;172;249m=[39m[38;2;85;176;249m+[39m[38;2;87;180;249m+[39m[38;2;89;185;249m+[39m[38;2;91;189;250m+[39m[38;2;93;193;250m+[39m[38;2;94;197;250m=[39m[38;2;96;201;250m:[39m
                              [38;2;80;163;249m:[39m[38;2;82;168;249m+[39m[38;2;83;172;249m+[39m[38;2;85;176;249m+[39m[38;2;87;180;249m+[39m[38;2;89;185;249m+[39m[38;2;91;189;250m+[39m[38;2;93;193;250m+[39m[38;2;94;197;250m=[39m[38;2;96;201;250m:[39m
                            [38;2;76;155;248m.[39m[38;2;78;159;248m-[39m[38;2;80;163;249m+[39m[38;2;82;168;249m+[39m[38;2;83;172;249m+[39m[38;2;85;176;249m+[39m[38;2;87;180;249m+[39m[38;2;89;185;249m+[39m[38;2;91;189;250m+[39m[38;2;93;193;250m+[39m[38;2;94;197;250m=[39m[38;2;96;201;250m.[39m
                           [38;2;74;151;248m.[39m[38;2;76;155;248m=[39m[38;2;78;159;248m*[39m[38;2;80;163;249m*[39m[38;2;82;168;249m+[39m[38;2;83;172;249m+[39m[38;2;85;176;249m=[39m[38;2;87;180;249m=[39m[38;2;89;185;249m+[39m[38;2;91;189;250m+[39m[38;2;93;193;250m+[39m[38;2;94;197;250m=[39m[38;2;96;201;250m.[39m
                          [38;2;73;147;248m:[39m[38;2;74;151;248m*[39m[38;2;76;155;248m*[39m[38;2;78;159;248m*[39m[38;2;80;163;249m*[39m[38;2;82;168;249m+[39m[38;2;83;172;249m-[39m[38;2;85;176;249m.[39m[38;2;87;180;249m=[39m[38;2;89;185;249m+[39m[38;2;91;189;250m+[39m[38;2;93;193;250m+[39m[38;2;94;197;250m=[39m[38;2;96;201;250m.[39m
                        [38;2;69;138;248m.[39m[38;2;71;142;248m=[39m[38;2;73;147;248m*[39m[38;2;74;151;248m*[39m[38;2;76;155;248m*[39m[38;2;78;159;248m*[39m[38;2;80;163;249m+[39m[38;2;82;168;249m:[39m [38;2;85;176;249m.[39m[38;2;87;180;249m+[39m[38;2;89;185;249m+[39m[38;2;91;189;250m+[39m[38;2;93;193;250m+[39m[38;2;94;197;250m=[39m[38;2;96;201;250m.[39m
                       [38;2;67;134;248m.[39m[38;2;69;138;248m+[39m[38;2;71;142;248m*[39m[38;2;73;147;248m*[39m[38;2;74;151;248m*[39m[38;2;76;155;248m*[39m[38;2;78;159;248m=[39m[38;2;80;163;249m.[39m  [38;2;85;176;249m.[39m[38;2;87;180;249m+[39m[38;2;89;185;249m+[39m[38;2;91;189;250m+[39m[38;2;93;193;250m+[39m[38;2;94;197;250m-[39m
                     [38;2;63;125;247m.[39m[38;2;65;130;247m-[39m[38;2;67;134;248m*[39m[38;2;69;138;248m*[39m[38;2;71;142;248m*[39m[38;2;73;147;248m*[39m[38;2;74;151;248m*[39m[38;2;76;155;248m=[39m[38;2;78;159;248m.[39m   [38;2;85;176;249m:[39m[38;2;87;180;249m+[39m[38;2;89;185;249m+[39m[38;2;91;189;250m+[39m[38;2;93;193;250m+[39m[38;2;94;197;250m-[39m
    [38;2;33;54;245m.[39m[38;2;34;58;245m:[39m[38;2;36;62;245m:[39m[38;2;38;66;245m-[39m[38;2;40;70;245m=[39m[38;2;42;75;245m=[39m[38;2;43;79;245m=[39m[38;2;45;83;246m=[39m[38;2;47;87;246m=[39m[38;2;49;92;246m=[39m[38;2;51;96;246m=[39m[38;2;53;100;246m=[39m[38;2;54;104;246m=[39m[38;2;56;108;247m=[39m[38;2;58;113;247m=[39m[38;2;60;117;247m=[39m[38;2;62;121;247m=[39m[38;2;63;125;247m+[39m[38;2;65;130;247m*[39m[38;2;67;134;248m*[39m[38;2;69;138;248m*[39m[38;2;71;142;248m*[39m[38;2;73;147;248m*[39m[38;2;74;151;248m+[39m[38;2;76;155;248m-[39m[38;2;78;159;248m-[39m[38;2;80;163;249m-[39m[38;2;82;168;249m-[39m[38;2;83;172;249m-[39m[38;2;85;176;249m=[39m[38;2;87;180;249m+[39m[38;2;89;185;249m+[39m[38;2;91;189;250m+[39m[38;2;93;193;250m+[39m[38;2;94;197;250m=[39m[38;2;96;201;250m-[39m[38;2;98;206;250m:[39m[38;2;100;210;250m:[39m[38;2;102;214;251m:[39m[38;2;103;218;251m:[39m[38;2;105;223;251m:[39m[38;2;107;227;251m:[39m[38;2;109;231;251m:[39m[38;2;111;235;251m.[39m
        [38;2;40;70;245m.[39m[38;2;42;75;245m.[39m[38;2;43;79;245m:[39m[38;2;45;83;246m-[39m[38;2;47;87;246m*[39m[38;2;49;92;246m#[39m[38;2;51;96;246m#[39m[38;2;53;100;246m#[39m[38;2;54;104;246m#[39m[38;2;56;108;247m#[39m[38;2;58;113;247m#[39m[38;2;60;117;247m#[39m[38;2;62;121;247m#[39m[38;2;63;125;247m#[39m[38;2;65;130;247m*[39m[38;2;67;134;248m*[39m[38;2;69;138;248m*[39m[38;2;71;142;248m*[39m[38;2;73;147;248m*[39m[38;2;74;151;248m*[39m[38;2;76;155;248m*[39m[38;2;78;159;248m*[39m[38;2;80;163;249m*[39m[38;2;82;168;249m+[39m[38;2;83;172;249m+[39m[38;2;85;176;249m+[39m[38;2;87;180;249m+[39m[38;2;89;185;249m+[39m[38;2;91;189;250m+[39m[38;2;93;193;250m+[39m[38;2;94;197;250m=[39m[38;2;96;201;250m=[39m[38;2;98;206;250m=[39m[38;2;100;210;250m=[39m[38;2;102;214;251m=[39m[38;2;103;218;251m=[39m[38;2;105;223;251m=[39m[38;2;107;227;251m:[39m[38;2;109;231;251m.[39m
              [38;2;51;96;246m.[39m[38;2;53;100;246m:[39m[38;2;54;104;246m+[39m[38;2;56;108;247m*[39m[38;2;58;113;247m#[39m[38;2;60;117;247m#[39m[38;2;62;121;247m#[39m[38;2;63;125;247m#[39m[38;2;65;130;247m#[39m[38;2;67;134;248m*[39m[38;2;69;138;248m*[39m[38;2;71;142;248m*[39m[38;2;73;147;248m*[39m[38;2;74;151;248m+[39m[38;2;76;155;248m+[39m[38;2;78;159;248m+[39m[38;2;80;163;249m+[39m[38;2;82;168;249m+[39m[38;2;83;172;249m+[39m[38;2;85;176;249m+[39m[38;2;87;180;249m+[39m[38;2;89;185;249m+[39m[38;2;91;189;250m+[39m[38;2;93;193;250m+[39m[38;2;94;197;250m=[39m[38;2;96;201;250m=[39m[38;2;98;206;250m=[39m[38;2;100;210;250m=[39m[38;2;102;214;251m=[39m[38;2;103;218;251m-[39m[38;2;105;223;251m.[39m[38;2;107;227;251m.[39m
                 [38;2;56;108;247m.[39m[38;2;58;113;247m.[39m[38;2;60;117;247m-[39m[38;2;62;121;247m+[39m[38;2;63;125;247m#[39m[38;2;65;130;247m*[39m[38;2;67;134;248m*[39m[38;2;69;138;248m*[39m[38;2;71;142;248m*[39m[38;2;73;147;248m*[39m[38;2;74;151;248m*[39m[38;2;76;155;248m=[39m[38;2;78;159;248m.[39m[38;2;80;163;249m.[39m  [38;2;85;176;249m-[39m[38;2;87;180;249m+[39m[38;2;89;185;249m+[39m[38;2;91;189;250m+[39m[38;2;93;193;250m+[39m[38;2;94;197;250m.[39m
                [38;2;54;104;246m-[39m[38;2;56;108;247m+[39m[38;2;58;113;247m=[39m[38;2;60;117;247m.[39m[38;2;62;121;247m.[39m[38;2;63;125;247m.[39m[38;2;65;130;247m:[39m[38;2;67;134;248m*[39m[38;2;69;138;248m*[39m[38;2;71;142;248m*[39m[38;2;73;147;248m*[39m[38;2;74;151;248m*[39m[38;2;76;155;248m*[39m[38;2;78;159;248m*[39m[38;2;80;163;249m=[39m[38;2;82;168;249m.[39m[38;2;83;172;249m.[39m[38;2;85;176;249m=[39m[38;2;87;180;249m+[39m[38;2;89;185;249m+[39m[38;2;91;189;250m+[39m[38;2;93;193;250m+[39m[38;2;94;197;250m.[39m
              [38;2;51;96;246m.[39m[38;2;53;100;246m+[39m[38;2;54;104;246m*[39m[38;2;56;108;247m+[39m[38;2;58;113;247m+[39m[38;2;60;117;247m+[39m[38;2;62;121;247m=[39m[38;2;63;125;247m.[39m [38;2;67;134;248m.[39m[38;2;69;138;248m.[39m[38;2;71;142;248m=[39m[38;2;73;147;248m*[39m[38;2;74;151;248m*[39m[38;2;76;155;248m*[39m[38;2;78;159;248m*[39m[38;2;80;163;249m*[39m[38;2;82;168;249m+[39m[38;2;83;172;249m-[39m[38;2;85;176;249m=[39m[38;2;87;180;249m+[39m[38;2;89;185;249m+[39m[38;2;91;189;250m+[39m[38;2;93;193;250m+[39m[38;2;94;197;250m.[39m
            [38;2;47;87;246m.[39m[38;2;49;92;246m:[39m[38;2;51;96;246m*[39m[38;2;53;100;246m*[39m[38;2;54;104;246m*[39m[38;2;56;108;247m+[39m[38;2;58;113;247m=[39m[38;2;60;117;247m.[39m[38;2;62;121;247m.[39m     [38;2;73;147;248m.[39m[38;2;74;151;248m-[39m[38;2;76;155;248m+[39m[38;2;78;159;248m*[39m[38;2;80;163;249m*[39m[38;2;82;168;249m+[39m[38;2;83;172;249m+[39m[38;2;85;176;249m+[39m[38;2;87;180;249m+[39m[38;2;89;185;249m+[39m[38;2;91;189;250m+[39m[38;2;93;193;250m=[39m[38;2;94;197;250m.[39m
           [38;2;45;83;246m.[39m[38;2;47;87;246m-[39m[38;2;49;92;246m*[39m[38;2;51;96;246m*[39m[38;2;53;100;246m*[39m[38;2;54;104;246m+[39m[38;2;56;108;247m:[39m          [38;2;76;155;248m.[39m[38;2;78;159;248m-[39m[38;2;80;163;249m+[39m[38;2;82;168;249m+[39m[38;2;83;172;249m+[39m[38;2;85;176;249m+[39m[38;2;87;180;249m+[39m[38;2;89;185;249m+[39m[38;2;91;189;250m+[39m[38;2;93;193;250m=[39m
          [38;2;43;79;245m.[39m[38;2;45;83;246m*[39m[38;2;47;87;246m#[39m[38;2;49;92;246m*[39m[38;2;51;96;246m=[39m[38;2;53;100;246m.[39m              [38;2;80;163;249m.[39m[38;2;82;168;249m=[39m[38;2;83;172;249m+[39m[38;2;85;176;249m+[39m[38;2;87;180;249m+[39m[38;2;89;185;249m+[39m[38;2;91;189;250m+[39m[38;2;93;193;250m=[39m
        [38;2;40;70;245m.[39m[38;2;42;75;245m-[39m[38;2;43;79;245m*[39m[38;2;45;83;246m#[39m[38;2;47;87;246m+[39m[38;2;49;92;246m.[39m[38;2;51;96;246m.[39m                [38;2;82;168;249m.[39m[38;2;83;172;249m:[39m[38;2;85;176;249m=[39m[38;2;87;180;249m+[39m[38;2;89;185;249m+[39m[38;2;91;189;250m+[39m[38;2;93;193;250m-[39m
       [38;2;38;66;245m.[39m[38;2;40;70;245m=[39m[38;2;42;75;245m#[39m[38;2;43;79;245m=[39m[38;2;45;83;246m.[39m                     [38;2;85;176;249m.[39m[38;2;87;180;249m=[39m[38;2;89;185;249m+[39m[38;2;91;189;250m+[39m[38;2;93;193;250m-[39m
      [38;2;36;62;245m:[39m[38;2;38;66;245m*[39m[38;2;40;70;245m=[39m[38;2;42;75;245m.[39m                         [38;2;89;185;249m.[39m[38;2;91;189;250m.[39m[38;2;93;193;250m.[39m
    [38;2;33;54;245m.[39m[38;2;34;58;245m:[39m[38;2;36;62;245m-[39m[38;2;38;66;245m.[39m [38;2;42;75;245mP[39m[38;2;43;79;245mr[39m[38;2;45;83;246me[39m[38;2;47;87;246ms[39m[38;2;49;92;246me[39m[38;2;51;96;246mn[39m[38;2;53;100;246mt[39m[38;2;54;104;246me[39m[38;2;56;108;247md[39m [38;2;60;117;247mb[39m[38;2;62;121;247my[39m [38;2;65;130;247mt[39m[38;2;67;134;248mh[39m[38;2;69;138;248me[39m [38;2;73;147;248mA[39m[38;2;74;151;248ms[39m[38;2;76;155;248mt[39m[38;2;78;159;248me[39m[38;2;80;163;249mr[39m[38;2;82;168;249mi[39m[38;2;83;172;249mn[39m[38;2;85;176;249ma[39m[38;2;87;180;249ms[39m [38;2;91;189;250md[39m[38;2;93;193;250me[39m[38;2;94;197;250mv[39m[38;2;96;201;250me[39m[38;2;98;206;250ml[39m[38;2;100;210;250mo[39m[38;2;102;214;251mp[39m[38;2;103;218;251me[39m[38;2;105;223;251mr[39m[38;2;107;227;251ms[39m
    [38;2;33;54;245m.[39m[38;2;34;58;245m.[39m [38;2;38;66;245mR[39m[38;2;40;70;245me[39m[38;2;42;75;245ml[39m[38;2;43;79;245me[39m[38;2;45;83;246ma[39m[38;2;47;87;246ms[39m[38;2;49;92;246me[39m[38;2;51;96;246md[39m [38;2;54;104;246mu[39m[38;2;56;108;247mn[39m[38;2;58;113;247md[39m[38;2;60;117;247me[39m[38;2;62;121;247mr[39m [38;2;65;130;247mM[39m[38;2;67;134;248mo[39m[38;2;69;138;248mz[39m[38;2;71;142;248mi[39m[38;2;73;147;248ml[39m[38;2;74;151;248ml[39m[38;2;76;155;248ma[39m [38;2;80;163;249mP[39m[38;2;82;168;249mu[39m[38;2;83;172;249mb[39m[38;2;85;176;249ml[39m[38;2;87;180;249mi[39m[38;2;89;185;249mc[39m [38;2;93;193;250mL[39m[38;2;94;197;250mi[39m[38;2;96;201;250mc[39m[38;2;98;206;250me[39m[38;2;100;210;250mn[39m[38;2;102;214;251ms[39m[38;2;103;218;251me[39m [38;2;107;227;251mv[39m[38;2;109;231;251m2[39m[38;2;111;235;251m.[39m[38;2;113;240;252m0[39m

DEBIAN_STAGE1_PROGRESS step=start mode=systemd
DEBIAN_STAGE1_PROGRESS step=probe-block device=/dev/vda
DEBIAN_STAGE1_PROGRESS step=probe-complete result=no-match
DEBIAN_STAGE1_PROGRESS step=probe-block device=/dev/vdb
DEBIAN_STAGE1_PROGRESS step=probe-complete result=match
DEBIAN_STAGE1_PROGRESS step=root-found device=/dev/vdb
DEBIAN_STAGE1_PROGRESS step=handoff-enter action=root-mount
DEBIAN_STAGE1_PROGRESS step=handoff-done action=root-mount
DEBIAN_STAGE1_PROGRESS step=handoff-enter action=dev-bind
DEBIAN_STAGE1_PROGRESS step=handoff-done action=dev-bind
DEBIAN_STAGE1_PROGRESS step=handoff-enter action=api-directories
DEBIAN_STAGE1_PROGRESS step=handoff-done action=api-directories
DEBIAN_STAGE1_PROGRESS step=handoff-enter action=run-mount
DEBIAN_STAGE1_PROGRESS step=handoff-done action=run-mount
DEBIAN_STAGE1_PROGRESS step=handoff-enter action=debug-console
DEBIAN_STAGE1_PROGRESS step=handoff-done action=debug-console
DEBIAN_STAGE1_PROGRESS step=handoff-enter action=tmp-mount
DEBIAN_STAGE1_PROGRESS step=handoff-done action=tmp-mount
DEBIAN_STAGE1_PROGRESS step=handoff-enter action=chroot
DEBIAN_STAGE1_PROGRESS step=handoff-done action=chroot
DEBIAN_STAGE1_PROGRESS step=handoff-enter action=chdir
DEBIAN_STAGE1_PROGRESS step=handoff-done action=chdir
DEBIAN_STAGE1_PROGRESS step=handoff-enter action=exec
[!p]104[?7h
[0;1;39mWelcome to [0m[1mDebian GNU/Linux 13 (trixie)[0m[0;1;39m![0m

[[0;32m  OK  [0m] Started [0;1;39masterinas-debug-console.se…[0mterinas opt-in root serial console.
[[0;32m  OK  [0m] Reached target [0;1;39masterinas-debug-con…[0m opt-in root serial console target.
         Starting [0;1;39masterinas-desktop-ready.s…[0mop readiness and watchdog disarm...
[!p]104[?7h[6n[32766;32766H[6n[!p]104[?7h[6n[32766;32766H[6n[[0;1;31mFAILED[0m] Failed to start [0;1;39masterinas-desktop-…[0mktop readiness and watchdog disarm.
See 'systemctl status asterinas-desktop-ready.service' for details.
ASTERINAS_DEBUG_CONSOLE_READY uid=0
/run/asterinas-tools/q
root@asterinas-debug:/# /run/asterinas-tools/q
A_WEB_TIMELINE marker=BOOT_SYSTEMD_BEGIN guest_monotonic_ns=4440000000 firefox_pid=0
A_WEB_TIMELINE marker=BOOT_BASIC_TARGET guest_monotonic_ns=4870000000 firefox_pid=0
__ASTERINAS_PHYSICAL_EXTERNAL__ status=0 setup_status=0 failure_step=none evidence_state=inactive evidence_pid=0 network_state=inactive network_pid=0
root@asterinas-debug:/# megrez-clock-sync[170]: {"marker":"ASTERINAS_CLOCK_SYNC_READY","proxy":"http://10.100.19.216:17893","source":"http-date","unix_seconds":1790200839}
BROWSER_WEB_DESKTOP_STAGE=display-provider-ready guest_monotonic_ns=1790200839556660000 pid=0 provider=fbdev
desktop-m5-session[173]: BROWSER_WEB_DESKTOP_STAGE=display-provider-ready guest_monotonic_ns=1790200839556660000 pid=0 provider=fbdev
BROWSER_WEB_DESKTOP_STAGE=xorg-start guest_monotonic_ns=1790200839564618000 pid=0
desktop-m5-session[173]: BROWSER_WEB_DESKTOP_STAGE=xorg-start guest_monotonic_ns=1790200839564618000 pid=0
desktop-m5-session[179]: X.Org X Server 1.21.1.16
desktop-m5-session[179]: X Protocol Version 11, Revision 0
desktop-m5-session[179]: Current Operating System: Linux ubuntu-MS-7D76 5.13.0 #1 SMP Thu Jan  1 00:00:00 UTC 1970 riscv64
desktop-m5-session[179]: Kernel command line: console=ttyS0 loglevel=off init=/init asterinas.debian_network=qemu-slirp systemd.setenv=ASTERINAS_WEB_NETWORK_MODE=direct systemd.setenv=ASTERINAS_WEB_NETWORK_ADDRESS=10.0.2.15/24 systemd.setenv=ASTERINAS_WEB_NETWORK_GATEWAY=10.0.2.2 systemd.setenv=ASTERINAS_WEB_NETWORK_RESOLVER=10.0.2.3 systemd.setenv=ASTERINAS_DESKTOP_FIXTURE_URL=http://10.0.2.2:17894/asterinas-network-probe.bin systemd.setenv=ASTERINAS_DESKTOP_FIXTURE_SIZE=65536 systemd.setenv=ASTERINAS_DESKTOP_FIXTURE_SHA256=7daca2095d0438260fa849183dfc67faa459fdf4936e1bc91eec6b281b27e4c2 systemd.setenv=ASTERINAS_DESKTOP_FIXTURE_REQUESTS=20 systemd.setenv=ASTERINAS_DESKTOP_M5_TIMEOUT_SECONDS=300 systemd.setenv=ASTERINAS_DESKTOP_M5_NETWORK_MODE=lightweight systemd.mask=asterinas-browser-web-evidence.service systemd.mask=asterinas-desktop-m5-network.service systemd.setenv=ASTERINAS_BROWSER_WEB_BASIC_ONLY=1 -- --root-init=systemd --debug-console=isolated-root
desktop-m5-session[179]: xorg-server 2:21.1.16-1.3+deb13u4 (https://www.debian.org/support)
desktop-m5-session[179]: Current version of pixman: 0.44.0
desktop-m5-session[179]: 	Before reporting problems, check http://wiki.x.org
desktop-m5-session[179]: 	to make sure that you have the latest version.
desktop-m5-session[179]: Markers: (--) probed, (**) from config file, (==) default setting,
desktop-m5-session[179]: 	(++) from command line, (!!) notice, (II) informational,
desktop-m5-session[179]: 	(WW) warning, (EE) error, (NI) not implemented, (??) unknown.
desktop-m5-session[179]: (++) Log file: "/home/asterinas/Xorg.0.log", Time: Wed Sep 23 22:00:39 2026
desktop-m5-session[179]: (++) Using config directory: "/etc/asterinas/display-providers/fbdev/xorg.conf.d"
desktop-m5-session[179]: (==) Using system config directory "/usr/share/X11/xorg.conf.d"
BROWSER_WEB_DESKTOP_STAGE=x-socket-ready guest_monotonic_ns=1790200840646491000 pid=179
desktop-m5-session[173]: BROWSER_WEB_DESKTOP_STAGE=x-socket-ready guest_monotonic_ns=1790200840646491000 pid=179
_asterinas_debug_output=$(id -u); _asterinas_debug_status=$?; printf '__ASTERINAS_DEBUG_38ffa72392750b67acc16bc6c07438c3_UID_BEGIN__\n__ASTERINAS_DEBUG_38ffa72392750b67acc16bc6c07438c3_UID_VALUE__%s\n__ASTERINAS_DEBUG_38ffa72392750b67acc16bc6c07438c3_UID_STATUS__%s\n__ASTERINAS_DEBUG_38ffa72392750b67acc16bc6c07438c3_UID_END__\n' "$_asterinas_debug_output" "$_asterinas_debug_status"
__ASTERINAS_DEBUG_38ffa72392750b67acc16bc6c07438c3_UID_BEGIN__
__ASTERINAS_DEBUG_38ffa72392750b67acc16bc6c07438c3_UID_VALUE__0
__ASTERINAS_DEBUG_38ffa72392750b67acc16bc6c07438c3_UID_STATUS__0
__ASTERINAS_DEBUG_38ffa72392750b67acc16bc6c07438c3_UID_END__
_asterinas_debug_output=$(tr -d '\n' </proc/1/comm); _asterinas_debug_status=$?; printf '__ASTERINAS_DEBUG_38ffa72392750b67acc16bc6c07438c3_PID1_BEGIN__\n__ASTERINAS_DEBUG_38ffa72392750b67acc16bc6c07438c3_PID1_VALUE__%s\n__ASTERINAS_DEBUG_38ffa72392750b67acc16bc6c07438c3_PID1_STATUS__%s\n__ASTERINAS_DEBUG_38ffa72392750b67acc16bc6c07438c3_PID1_END__\n' "$_asterinas_debug_output" "$_asterinas_debug_status"
root@asterinas-debug:/# _asterinas_debug_output=$(tr -d '\n' </proc/1/comm); _asterinas_debug_status=$?; printf '__ASTERINAS_DEBUG_38ffa72392750b67acc16bc6c07438c3_PID1_BEGIN__\n__ASTERINAS_DEBUG_38ffa72392750b67acc16bc6c07438c3_PID1_VALUE__%s\n__ASTERINAS_DEBUG_38ffa72392750b67acc16bc6c07438c3_PID1_STATUS__%s\n__ASTERINAS_DEBUG_38ffa72392750b67acc16bc6c07438c3_PID1_END__\n' "$_asterinas_debug_output" "$_asterinas_debug_status"
__ASTERINAS_DEBUG_38ffa72392750b67acc16bc6c07438c3_PID1_BEGIN__
__ASTERINAS_DEBUG_38ffa72392750b67acc16bc6c07438c3_PID1_VALUE__systemd
__ASTERINAS_DEBUG_38ffa72392750b67acc16bc6c07438c3_PID1_STATUS__0
__ASTERINAS_DEBUG_38ffa72392750b67acc16bc6c07438c3_PID1_END__
_asterinas_debug_output=$(root@asterinas-debug:/# _asterinas_debug_output=$(awk '$2 == "/" { print $1, $3; exit }' /proc/mounts); _asterinas_debug_status=$?; printf '__ASTERINAS_DEBUG_38ffa72392750b67acc16bc6c07438c3_ROOT_BEGIN__\n__ASTERINAS_DEBUG_38ffa72392750b67acc16bc6c07438c3_ROOT_VALUE__%s\n__ASTERINAS_DEBUG_38ffa72392750b67acc16bc6c07438c3_ROOT_STATUS__%s\n__ASTERINAS_DEBUG_38ffa72392750b67acc16bc6c07438c3_ROOT_END__\n' "$_asterinas_debug_output" "$_asterinas_debug_status"
__ASTERINAS_DEBUG_38ffa72392750b67acc16bc6c07438c3_ROOT_BEGIN__
__ASTERINAS_DEBUG_38ffa72392750b67acc16bc6c07438c3_ROOT_VALUE__/dev/vdb ext2
__ASTERINAS_DEBUG_38ffa72392750b67acc16bc6c07438c3_ROOT_STATUS__0
__ASTERINAS_DEBUG_38ffa72392750b67acc16bc6c07438c3_ROOT_END__
_asterinas_debug_output=$(_aroot@asterinas-debug:/# _asterinas_debug_output=$(_asterinas_debug_attempt=0; while ! systemctl is-active --quiet asterinas-desktop-m4-evidence.service && ! systemctl is-active --quiet asterinas-desktop-m5.service; do _asterinas_debug_attempt=$((_asterinas_debug_attempt + 1)); [ "$_asterinas_debug_attempt" -ge 45 ] && break; sleep 1; done; if systemctl is-active --quiet asterinas-desktop-m4-evidence.service || systemctl is-active --quiet asterinas-desktop-m5.service; then echo active; else echo inactive; false; fi); _asterinas_debug_status=$?; printf '__ASTERINAS_DEBUG_38ffa72392750b67acc16bc6c07438c3_GRAPHICAL_BEGIN__\n__ASTERINAS_DEBUG_38ffa72392750b67acc16bc6c07438c3_GRAPHICAL_VALUE__%s\n__ASTERINAS_DEBUG_38ffa72392750b67acc16bc6c07438c3_GRAPHICAL_STATUS__%s\n__ASTERINAS_DEBUG_38ffa72392750b67acc16bc6c07438c3_GRAPHICAL_END__\n' "$_asterinas_debug_output" "$_asterinas_debug_status"
__ASTERINAS_DEBUG_38ffa72392750b67acc16bc6c07438c3_GRAPHICAL_BEGIN__
__ASTERINAS_DEBUG_38ffa72392750b67acc16bc6c07438c3_GRAPHICAL_VALUE__active
__ASTERINAS_DEBUG_38ffa72392750b67acc16bc6c07438c3_GRAPHICAL_STATUS__0
__ASTERINAS_DEBUG_38ffa72392750b67acc16bc6c07438c3_GRAPHICAL_END__
_asterinas_debug_output=$(if systemroot@asterinas-debug:/# _asterinas_debug_output=$(if systemctl is-active --quiet asterinas-desktop-m4.service || systemctl is-active --quiet asterinas-desktop-m5.service; then echo active; else echo inactive; false; fi); _asterinas_debug_status=$?; printf '__ASTERINAS_DEBUG_38ffa72392750b67acc16bc6c07438c3_DESKTOP_BEGIN__\n__ASTERINAS_DEBUG_38ffa72392750b67acc16bc6c07438c3_DESKTOP_VALUE__%s\n__ASTERINAS_DEBUG_38ffa72392750b67acc16bc6c07438c3_DESKTOP_STATUS__%s\n__ASTERINAS_DEBUG_38ffa72392750b67acc16bc6c07438c3_DESKTOP_END__\n' "$_asterinas_debug_output" "$_asterinas_debug_status"
__ASTERINAS_DEBUG_38ffa72392750b67acc16bc6c07438c3_DESKTOP_BEGIN__
__ASTERINAS_DEBUG_38ffa72392750b67acc16bc6c07438c3_DESKTOP_VALUE__active
__ASTERINAS_DEBUG_38ffa72392750b67acc16bc6c07438c3_DESKTOP_STATUS__0
__ASTERINAS_DEBUG_38ffa72392750b67acc16bc6c07438c3_DESKTOP_END__
root@asterinas-debug:/# printf '' > /run/lifecycle.b64; s=$?; printf '\nCONTROL_%s status=%s uid=%s boot=%s\n' 5b77f5623e7d597447bbc12a "$s" "$(id -u)" "$(cat /proc/sys/kernel/random/boot_id)"

CONTROL_5b77f5623e7d597447bbc12a status=0 uid=0 boot=fcf07b47-2b5d-4771-b4ae-17770cc41be6
printf '%s' 'H4sIroot@asterinas-debug:/# printf '%s' 'H4sIAAlMtGoC/21VTW/bOBC961foRmkryR+pnVaFDkW23S1QtMUme1h4DYMmRxY3kkiQVOIk8H/fGcpJ3DQHSdRo+GbmzeNIdUZbHzfcNa3aZv853WfaZW7YGqsFOJd51UFUW93FhntyitW45we+RpdXH/+6qsin6HSvve6VSNJIQh1Dp3xyrXqZ3fB2gLQ0VvU+YV+/fP508c/F108xe0PxCjl0xiUPjHxZGXYwaLlxgK9WD71MXgbIQ9zsLM1YAGdleBzSrG4H11RXFgNGHXhePTBuRaNuYOMaPl8sWRkzWC7EYj5fzvjs7bszMZvP3i/fvZ3yczlb1OdT4PPz+ZbLczmVYrnk8kzOptvz+WIxf7+cTd+ds0N0BK2IhYRNtPGTtttCL5rcDn3I13Nb7O5Z+oE7B88kF2MeyRGhsMDlZnvnwSVpWjSwl2oHzidpVVEBq5f5r6Pn7hQYK1kxjMQytr+vWea8fURGcvILtE/YOhMNiOtAS2ioHnx1Nk2jWtsYA/tY9fFqrMICJnsDMqcmu5y+EgZ9GqTJW63Nlovr8cO6jGJbvcyHPmFIbvxgYYOxDIYbY8Pe/5zFIv0QhMIs7DC0U7pn2QML6CXdM+Y894NDKSBViNgLLYGsEveTdVwFC1h7tODq8MT86c6qmv5KoLtzHjrhW0Yw2uCDowUFy10uwV2jLe8WBVGjBLxO6DL9FXjAHVxKxMvzMUhY9joX2HcPeaM7GL820FL4yeDsxG1VP+l1q3cK6WDWiNdDLtLIau1fUSHK7qjDKhyyVnPpkoS8Jye1PWqVfFg6apGahFKMoL+ptCvwoSwiCG3uEuxWf7NiPz5e/cnW1XH3ihlUBEfVsvWKdfwaCXrDJlhDyd6c+EdYz2OquHXSc08HAK0Y' >> /run/lifecycle.b64; s=$?; printf '\nCONTROL_%s status=%s uid=%s boot=%s\n' c208528118064e3ecb17c91d "$s" "$(id -u)" "$(cat /proc/sys/kernel/random/boot_id)"

CONTROL_c208528118064e3ecb17c91d status=0 uid=0 boot=fcf07b47-2b5d-4771-b4ae-17770cc41be6
printf '%s' 'WhvoE3bLroot@asterinas-debug:/# printf '%s' 'WhvoE3bL0sicCupHsB9RkQlwQ+sdsXErq7EaZwXLKFm8slEMFWJmowpOwS6vfv/+9xVWFhQ3hs9RXtaT5rjd3bDylVDMKJxEpsDHIY1uG9VCjG+6bZM0Vi7+pnvAgxCIdC2ASWZ4tmIuCL9araOYzpmkQ3asnhLCmhW2QSqbpLg7VnWM8y2WRc8RRzkcA5hlWgqNJPcDoIu3d+QZi05WiZwwfLaqh58bh2vTcgEJ+3eKZcTIaBzQ0TvmPV13yZ6SQUPhTEtcoNdqug557sdh0HK/we3b280owC1N54x1zT3eQ1R8gc6pe1pBr4ddQ6aRPMPtJpwlTIwk79stbevwKKzTcmSm4AZ7K3HyB37HwjMqipV4O1DesBdgfPz98pO12pYGD3Q0/lkYchgmRmhdAGRH4MM42Goq5DXFOyJs1+ptwn5jxD2SUyPjmxo7iy0lkuqQTUBAJdAsHM9I9iibozwKv6f5ePH92+cvfzwzFUT9NKSeZtPjMBs1T70ca0EFqhqTp1roN8tKmuM1TnDqKSvrkwYDMeEqdmwzSw8vBA17FYAe56Y5mX5PvkJ3pgUPvxSUC9Q1CI8/3zQ6zk/zYn7+DwA7jDg2CAAA' >> /run/lifecycle.b64; s=$?; printf '\nCONTROL_%s status=%s uid=%s boot=%s\n' 0b572b05f20d5374b1f5c672 "$s" "$(id -u)" "$(cat /proc/sys/kernel/random/boot_id)"

CONTROL_0b572b05f20d5374b1f5c672 status=0 uid=0 boot=fcf07b47-2b5d-4771-b4ae-17770cc41be6
base64 -d /run/lifecycle.b64 | gzroot@asterinas-debug:/# base64 -d /run/lifecycle.b64 | gzip -d > /run/lifecycle.py; s=$?; printf '\nCONTROL_%s status=%s uid=%s boot=%s\n' 609b08e50551193536a4c5eb "$s" "$(id -u)" "$(cat /proc/sys/kernel/random/boot_id)"

CONTROL_609b08e50551193536a4c5eb status=0 uid=0 boot=fcf07b47-2b5d-4771-b4ae-17770cc41be6
(python3 -u /run/lifecycle.py; root@asterinas-debug:/# (python3 -u /run/lifecycle.py; printf 'LIFECYCLE_EXIT status=%s\n' "$?") > /run/lifecycle.log 2>&1 & wait_noop=true; s=$?; printf '\nCONTROL_%s status=%s uid=%s boot=%s\n' ca96d2301a6633ce353b15cc "$s" "$(id -u)" "$(cat /proc/sys/kernel/random/boot_id)"
[1] 215

CONTROL_ca96d2301a6633ce353b15cc status=0 uid=0 boot=fcf07b47-2b5d-4771-b4ae-17770cc41be6
root@asterinas-debug:/# desktop-m5-session[179]: (II) Server terminated successfully (0). Closing log file.
python3 -c 'from pathlib import Path; import sys; p=Path("/run/lifecycle.offset"); n=int(p.read_text()) if p.exists() else 0; d=Path("/run/lifecycle.log").read_bytes(); sys.stdout.buffer.write(d[n:]); p.write_text(str(len(d)))'; s=$?; printf '\nCONTROL_%s status=%s uid=%s boot=%s\n' c3089ab3dfc397e0f18ac7fc "$s" "$(id -u)" "$(cat /proc/sys/kernel/random/boot_id)"
LIFECYCLE {"kind": "regression", "elapsed": 3.128, "value": {"test": "/opt/reserved-ports-test", "status": 0, "stdout": "", "stderr": "test_empty_reserved_ports_is_readable: `read(fd, buffer, sizeof(buffer))` passed [got Success]\ntest_empty_reserved_ports_is_readable: `strcmp(buffer, \"\\n\")` passed [got Success]\ntest_empty_reserved_ports_is_readable: `read(fd, buffer, sizeof(buffer))` passed [got Success]\ntest_empty_reserved_ports_is_readable: `pread(fd, buffer, sizeof(buffer), 1)` passed [got Success]\ntest_empty_reserved_ports_is_readable: `pread(fd, buffer, 1, 0)` passed [got Success]\ntest_empty_reserved_ports_is_readable summary: 5 tests passed, 0 tests failed\n"}}
LIFECYCLE {"kind": "regression", "elapsed": 3.15, "value": {"test": "/opt/udp-loopback-test", "status": 0, "stdout": "", "stderr": "test_wildcard_udp_loopback_reply: `check_reply_source(((in_addr_t) 0x00000000))` passed [got Success]\ntest_wildcard_udp_loopback_reply: `check_reply_source(((in_addr_t) 0x7f000001))` passed [got Success]\ntest_wildcard_udp_loopback_reply summary: 2 tests passed, 0 tests failed\n"}}
LIFECYCLE {"kind": "native-start", "elapsed": 3.852, "value": {"argv": ["make", "results"], "pid": 231}}
LIFECYCLE {"kind": "progress", "elapsed": 13.872, "value": {"active": [{"pid": "231", "cmd": "make results "}, {"pid": "234", "cmd": "/nix/store/16yz6y5x986j1qrb08c9bgbywdy5l9s7-rpcbind-riscv64-unknown-linux-gnu-1.2.6/bin/rpcbind -f "}, {"pid": "235", "cmd": "/nix/store/9plg9b18x3jmzjnh6vzxdpzgcw31mind-gnumake-riscv64-unknown-linux-gnu-4.4.1/bin/make --no-print-directory -f Makefile -o lmbench OS=riscv64-unknown-linux-gnu results "}, {"pid": "391", "cmd": "lat_pipe -P 1 "}, {"pid": "392", "cmd": "lat_pipe -P 1 "}, {"pid": "393", "cmd": "lat_pipe -P 1 "}]}}
LIFECYCLE {"kind": "progress", "elapsed": 23.89, "value": {"active": [{"pid": "231", "cmd": "make results "}, {"pid": "234", "cmd": "/nix/store/16yz6y5x986j1qrb08c9bgbywdy5l9s7-rpcbind-riscv64-unknown-linux-gnu-1.2.6/bin/rpcbind -f "}, {"pid": "235", "cmd": "/nix/store/9plg9b18x3jmzjnh6vzxdpzgcw31mind-gnumake-riscv64-unknown-linux-gnu-4.4.1/bin/make --no-print-directory -f Makefile -o lmbench OS=riscv64-unknown-linux-gnu results "}, {"pid": "391", "cmd": "lat_pipe -P 1 "}, {"pid": "392", "cmd": "lat_pipe -P 1 "}, {"pid": "393", "cmd": "lat_pipe -P 1 "}]}}
LIFECYCLE {"kind": "progress", "elapsed": 33.909, "value": {"active": [{"pid": "231", "cmd": "make results "}, {"pid": "234", "cmd": "/nix/store/16yz6y5x986j1qrb08c9bgbywdy5l9s7-rpcbind-riscv64-unknown-linux-gnu-1.2.6/bin/rpcbind -f "}, {"pid": "235", "cmd": "/nix/store/9plg9b18x3jmzjnh6vzxdpzgcw31mind-gnumake-riscv64-unknown-linux-gnu-4.4.1/bin/make --no-print-directory -f Makefile -o lmbench OS=riscv64-unknown-linux-gnu results "}, {"pid": "544", "cmd": "par_ops "}, {"pid": "591", "cmd": "par_ops "}]}}
LIFECYCLE {"kind": "progress", "elapsed": 43.925, "value": {"active": [{"pid": "231", "cmd": "make results "}, {"pid": "234", "cmd": "/nix/store/16yz6y5x986j1qrb08c9bgbywdy5l9s7-rpcbind-riscv64-unknown-linux-gnu-1.2.6/bin/rpcbind -f "}, {"pid": "235", "cmd": "/nix/store/9plg9b18x3jmzjnh6vzxdpzgcw31mind-gnumake-riscv64-unknown-linux-gnu-4.4.1/bin/make --no-print-directory -f Makefile -o lmbench OS=riscv64-unknown-linux-gnu results "}, {"pid": "544", "cmd": "par_ops "}, {"pid": "671", "cmd": "par_ops "}]}}
LIFECYCLE {"kind": "progress", "elapsed": 53.94, "value": {"active": [{"pid": "231", "cmd": "make results "}, {"pid": "234", "cmd": "/nix/store/16yz6y5x986j1qrb08c9bgbywdy5l9s7-rpcbind-riscv64-unknown-linux-gnu-1.2.6/bin/rpcbind -f "}, {"pid": "235", "cmd": "/nix/store/9plg9b18x3jmzjnh6vzxdpzgcw31mind-gnumake-riscv64-unknown-linux-gnu-4.4.1/bin/make --no-print-directory -f Makefile -o lmbench OS=riscv64-unknown-linux-gnu results "}, {"pid": "544", "cmd": "par_ops "}, {"pid": "751", "cmd": "par_ops "}]}}
LIFECYCLE {"kind": "progress", "elapsed": 63.961, "value": {"active": [{"pid": "231", "cmd": "make results "}, {"pid": "234", "cmd": "/nix/store/16yz6y5x986j1qrb08c9bgbywdy5l9s7-rpcbind-riscv64-unknown-linux-gnu-1.2.6/bin/rpcbind -f "}, {"pid": "235", "cmd": "/nix/store/9plg9b18x3jmzjnh6vzxdpzgcw31mind-gnumake-riscv64-unknown-linux-gnu-4.4.1/bin/make --no-print-directory -f Makefile -o lmbench OS=riscv64-unknown-linux-gnu results "}, {"pid": "831", "cmd": "lat_fs /opt/lmbench/asterinas-runs/run-96u_tqc0/fs "}, {"pid": "836", "cmd": "lat_fs /opt/lmbench/asterinas-runs/run-96u_tqc0/fs "}]}}
LIFECYCLE {"kind": "progress", "elapsed": 73.984, "value": {"active": [{"pid": "231", "cmd": "make results "}, {"pid": "234", "cmd": "/nix/store/16yz6y5x986j1qrb08c9bgbywdy5l9s7-rpcbind-riscv64-unknown-linux-gnu-1.2.6/bin/rpcbind -f "}, {"pid": "235", "cmd": "/nix/store/9plg9b18x3jmzjnh6vzxdpzgcw31mind-gnumake-riscv64-unknown-linux-gnu-4.4.1/bin/make --no-print-directory -f Makefile -o lmbench OS=riscv64-unknown-linux-gnu results "}, {"pid": "845", "cmd": "lat_udp -s 127.0.0.1 "}, {"pid": "847", "cmd": "lat_tcp -s 127.0.0.1 "}, {"pid": "849", "cmd": "lat_rpc -s "}, {"pid": "851", "cmd": "lat_connect -s 127.0.0.1 "}, {"pid": "853", "cmd": "bw_tcp -s 127.0.0.1 "}, {"pid": "856", "cmd": "lat_udp -P 1 localhost "}, {"pid": "857", "cmd": "lat_udp -P 1 localhost "}]}}
LIFECYCLE {"kind": "progress", "elapsed": 84.009, "value": {"active": [{"pid": "231", "cmd": "make results "}, {"pid": "234", "cmd": "/nix/store/16yz6y5x986j1qrb08c9bgbywdy5l9s7-rpcbind-riscv64-unknown-linux-gnu-1.2.6/bin/rpcbind -f "}, {"pid": "235", "cmd": "/nix/store/9plg9b18x3jmzjnh6vzxdpzgcw31mind-gnumake-riscv64-unknown-linux-gnu-4.4.1/bin/make --no-print-directory -f Makefile -o lmbench OS=riscv64-unknown-linux-gnu results "}, {"pid": "847", "cmd": "lat_tcp -s 127.0.0.1 "}, {"pid": "849", "cmd": "lat_rpc -s "}, {"pid": "851", "cmd": "lat_connect -s 127.0.0.1 "}, {"pid": "853", "cmd": "bw_tcp -s 127.0.0.1 "}, {"pid": "859", "cmd": "lat_tcp -P 1 localhost "}, {"pid": "860", "cmd": "lat_tcp -P 1 localhost "}, {"pid": "861", "cmd": "lat_tcp -s 127.0.0.1 "}]}}
LIFECYCLE {"kind": "progress", "elapsed": 94.028, "value": {"active": [{"pid": "231", "cmd": "make results "}, {"pid": "234", "cmd": "/nix/store/16yz6y5x986j1qrb08c9bgbywdy5l9s7-rpcbind-riscv64-unknown-linux-gnu-1.2.6/bin/rpcbind -f "}, {"pid": "235", "cmd": "/nix/store/9plg9b18x3jmzjnh6vzxdpzgcw31mind-gnumake-riscv64-unknown-linux-gnu-4.4.1/bin/make --no-print-directory -f Makefile -o lmbench OS=riscv64-unknown-linux-gnu results "}, {"pid": "847", "cmd": "lat_tcp -s 127.0.0.1 "}, {"pid": "849", "cmd": "lat_rpc -s "}, {"pid": "851", "cmd": "lat_connect -s 127.0.0.1 "}, {"pid": "853", "cmd": "bw_tcp -s 127.0.0.1 "}, {"pid": "859", "cmd": "lat_tcp -P 1 localhost "}, {"pid": "860", "cmd": "lat_tcp -P 1 localhost "}, {"pid": "861", "cmd": "lat_tcp -s 127.0.0.1 "}]}}
LIFECYCLE {"kind": "progress", "elapsed": 104.044, "value": {"active": [{"pid": "231", "cmd": "make results "}, {"pid": "234", "cmd": "/nix/store/16yz6y5x986j1qrb08c9bgbywdy5l9s7-rpcbind-riscv64-unknown-linux-gnu-1.2.6/bin/rpcbind -f "}, {"pid": "235", "cmd": "/nix/store/9plg9b18x3jmzjnh6vzxdpzgcw31mind-gnumake-riscv64-unknown-linux-gnu-4.4.1/bin/make --no-print-directory -f Makefile -o lmbench OS=riscv64-unknown-linux-gnu results "}, {"pid": "847", "cmd": "lat_tcp -s 127.0.0.1 "}, {"pid": "849", "cmd": "lat_rpc -s "}, {"pid": "851", "cmd": "lat_connect -s 127.0.0.1 "}, {"pid": "853", "cmd": "bw_tcp -s 127.0.0.1 "}, {"pid": "859", "cmd": "lat_tcp -P 1 localhost "}, {"pid": "860", "cmd": "lat_tcp -P 1 localhost "}, {"pid": "861", "cmd": "lat_tcp -s 127.0.0.1 "}]}}
LIFECYCLE {"kind": "progress", "elapsed": 114.078, "value": {"active": [{"pid": "231", "cmd": "make results "}, {"pid": "234", "cmd": "/nix/store/16yz6y5x986j1qrb08c9bgbywdy5l9s7-rpcbind-riscv64-unknown-linux-gnu-1.2.6/bin/rpcbind -f "}, {"pid": "235", "cmd": "/nix/store/9plg9b18x3jmzjnh6vzxdpzgcw31mind-gnumake-riscv64-unknown-linux-gnu-4.4.1/bin/make --no-print-directory -f Makefile -o lmbench OS=riscv64-unknown-linux-gnu results "}, {"pid": "849", "cmd": "lat_rpc -s "}, {"pid": "851", "cmd": "lat_connect -s 127.0.0.1 "}, {"pid": "853", "cmd": "bw_tcp -s 127.0.0.1 "}, {"pid": "863", "cmd": "lat_rpc -P 1 -p udp localhost "}, {"pid": "865", "cmd": "lat_rpc -P 1 -p udp localhost "}]}}
LIFECYCLE {"kind": "progress", "elapsed": 124.1, "value": {"active": [{"pid": "231", "cmd": "make results "}, {"pid": "234", "cmd": "/nix/store/16yz6y5x986j1qrb08c9bgbywdy5l9s7-rpcbind-riscv64-unknown-linux-gnu-1.2.6/bin/rpcbind -f "}, {"pid": "235", "cmd": "/nix/store/9plg9b18x3jmzjnh6vzxdpzgcw31mind-gnumake-riscv64-unknown-linux-gnu-4.4.1/bin/make --no-print-directory -f Makefile -o lmbench OS=riscv64-unknown-linux-gnu results "}, {"pid": "849", "cmd": "lat_rpc -s "}, {"pid": "851", "cmd": "lat_connect -s 127.0.0.1 "}, {"pid": "853", "cmd": "bw_tcp -s 127.0.0.1 "}, {"pid": "863", "cmd": "lat_rpc -P 1 -p udp localhost "}, {"pid": "865", "cmd": "lat_rpc -P 1 -p udp localhost "}]}}
LIFECYCLE {"kind": "progress", "elapsed": 134.118, "value": {"active": [{"pid": "231", "cmd": "make results "}, {"pid": "234", "cmd": "/nix/store/16yz6y5x986j1qrb08c9bgbywdy5l9s7-rpcbind-riscv64-unknown-linux-gnu-1.2.6/bin/rpcbind -f "}, {"pid": "235", "cmd": "/nix/store/9plg9b18x3jmzjnh6vzxdpzgcw31mind-gnumake-riscv64-unknown-linux-gnu-4.4.1/bin/make --no-print-directory -f Makefile -o lmbench OS=riscv64-unknown-linux-gnu results "}, {"pid": "849", "cmd": "lat_rpc -s "}, {"pid": "851", "cmd": "lat_connect -s 127.0.0.1 "}, {"pid": "853", "cmd": "bw_tcp -s 127.0.0.1 "}, {"pid": "866", "cmd": "lat_rpc -P 1 -p tcp localhost "}, {"pid": "867", "cmd": "lat_rpc -P 1 -p tcp localhost "}]}}
LIFECYCLE {"kind": "progress", "elapsed": 144.139, "value": {"active": [{"pid": "231", "cmd": "make results "}, {"pid": "234", "cmd": "/nix/store/16yz6y5x986j1qrb08c9bgbywdy5l9s7-rpcbind-riscv64-unknown-linux-gnu-1.2.6/bin/rpcbind -f "}, {"pid": "235", "cmd": "/nix/store/9plg9b18x3jmzjnh6vzxdpzgcw31mind-gnumake-riscv64-unknown-linux-gnu-4.4.1/bin/make --no-print-directory -f Makefile -o lmbench OS=riscv64-unknown-linux-gnu results "}, {"pid": "849", "cmd": "lat_rpc -s "}, {"pid": "851", "cmd": "lat_connect -s 127.0.0.1 "}, {"pid": "853", "cmd": "bw_tcp -s 127.0.0.1 "}, {"pid": "866", "cmd": "lat_rpc -P 1 -p tcp localhost "}, {"pid": "867", "cmd": "lat_rpc -P 1 -p tcp localhost "}]}}
LIFECYCLE {"kind": "progress", "elapsed": 154.161, "value": {"active": [{"pid": "231", "cmd": "make results "}, {"pid": "234", "cmd": "/nix/store/16yz6y5x986j1qrb08c9bgbywdy5l9s7-rpcbind-riscv64-unknown-linux-gnu-1.2.6/bin/rpcbind -f "}, {"pid": "235", "cmd": "/nix/store/9plg9b18x3jmzjnh6vzxdpzgcw31mind-gnumake-riscv64-unknown-linux-gnu-4.4.1/bin/make --no-print-directory -f Makefile -o lmbench OS=riscv64-unknown-linux-gnu results "}, {"pid": "849", "cmd": "lat_rpc -s "}, {"pid": "851", "cmd": "lat_connect -s 127.0.0.1 "}, {"pid": "853", "cmd": "bw_tcp -s 127.0.0.1 "}, {"pid": "866", "cmd": "lat_rpc -P 1 -p tcp localhost "}, {"pid": "867", "cmd": "lat_rpc -P 1 -p tcp localhost "}]}}
LIFECYCLE {"kind": "progress", "elapsed": 164.182, "value": {"active": [{"pid": "231", "cmd": "make results "}, {"pid": "234", "cmd": "/nix/store/16yz6y5x986j1qrb08c9bgbywdy5l9s7-rpcbind-riscv64-unknown-linux-gnu-1.2.6/bin/rpcbind -f "}, {"pid": "235", "cmd": "/nix/store/9plg9b18x3jmzjnh6vzxdpzgcw31mind-gnumake-riscv64-unknown-linux-gnu-4.4.1/bin/make --no-print-directory -f Makefile -o lmbench OS=riscv64-unknown-linux-gnu results "}, {"pid": "853", "cmd": "bw_tcp -s 127.0.0.1 "}, {"pid": "875", "cmd": "bw_tcp -P 1 -m 64 localhost "}, {"pid": "876", "cmd": "bw_tcp -P 1 -m 64 localhost "}, {"pid": "877", "cmd": "bw_tcp -s 127.0.0.1 "}]}}
LIFECYCLE {"kind": "progress", "elapsed": 174.211, "value": {"active": [{"pid": "231", "cmd": "make results "}, {"pid": "234", "cmd": "/nix/store/16yz6y5x986j1qrb08c9bgbywdy5l9s7-rpcbind-riscv64-unknown-linux-gnu-1.2.6/bin/rpcbind -f "}, {"pid": "235", "cmd": "/nix/store/9plg9b18x3jmzjnh6vzxdpzgcw31mind-gnumake-riscv64-unknown-linux-gnu-4.4.1/bin/make --no-print-directory -f Makefile -o lmbench OS=riscv64-unknown-linux-gnu results "}, {"pid": "853", "cmd": "bw_tcp -s 127.0.0.1 "}, {"pid": "878", "cmd": "bw_tcp -P 1 -m 128 localhost "}, {"pid": "879", "cmd": "bw_tcp -P 1 -m 128 localhost "}, {"pid": "880", "cmd": "bw_tcp -s 127.0.0.1 "}]}}

CONTROL_c3089ab3dfc397e0f18ac7fc status=0 uid=0 boot=fcf07b47-2b5d-4771-b4ae-17770cc41be6
root@asterinas-debug:/# python3 -c 'from pathlib import Path; import sys; p=Path("/run/lifecycle.offset"); n=int(p.read_text()) if p.exists() else 0; d=Path("/run/lifecycle.log").read_bytes(); sys.stdout.buffer.write(d[n:]); p.write_text(str(len(d)))'; s=$?; printf '\nCONTROL_%s status=%s uid=%s boot=%s\n' 518ee5b6be950095686b9bb4 "$s" "$(id -u)" "$(cat /proc/sys/kernel/random/boot_id)"

CONTROL_518ee5b6be950095686b9bb4 status=0 uid=0 boot=fcf07b47-2b5d-4771-b4ae-17770cc41be6
root@asterinas-debug:/# python3 -c 'from pathlib import Path; import sys; p=Path("/run/lifecycle.offset"); n=int(p.read_text()) if p.exists() else 0; d=Path("/run/lifecycle.log").read_bytes(); sys.stdout.buffer.write(d[n:]); p.write_text(str(len(d)))'; s=$?; printf '\nCONTROL_%s status=%s uid=%s boot=%s\n' 1be07db9546a0ef58aa16880 "$s" "$(id -u)" "$(cat /proc/sys/kernel/random/boot_id)"
LIFECYCLE {"kind": "progress", "elapsed": 184.222, "value": {"active": [{"pid": "231", "cmd": "make results "}, {"pid": "234", "cmd": "/nix/store/16yz6y5x986j1qrb08c9bgbywdy5l9s7-rpcbind-riscv64-unknown-linux-gnu-1.2.6/bin/rpcbind -f "}, {"pid": "235", "cmd": "/nix/store/9plg9b18x3jmzjnh6vzxdpzgcw31mind-gnumake-riscv64-unknown-linux-gnu-4.4.1/bin/make --no-print-directory -f Makefile -o lmbench OS=riscv64-unknown-linux-gnu results "}, {"pid": "853", "cmd": "bw_tcp -s 127.0.0.1 "}, {"pid": "881", "cmd": "bw_tcp -P 1 -m 256 localhost "}, {"pid": "882", "cmd": "bw_tcp -P 1 -m 256 localhost "}, {"pid": "883", "cmd": "bw_tcp -s 127.0.0.1 "}]}}

CONTROL_1be07db9546a0ef58aa16880 status=0 uid=0 boot=fcf07b47-2b5d-4771-b4ae-17770cc41be6
root@asterinas-debug:/# python3 -c 'from pathlib import Path; import sys; p=Path("/run/lifecycle.offset"); n=int(p.read_text()) if p.exists() else 0; d=Path("/run/lifecycle.log").read_bytes(); sys.stdout.buffer.write(d[n:]); p.write_text(str(len(d)))'; s=$?; printf '\nCONTROL_%s status=%s uid=%s boot=%s\n' 0ae03b5999d9d6a83f2778bb "$s" "$(id -u)" "$(cat /proc/sys/kernel/random/boot_id)"

CONTROL_0ae03b5999d9d6a83f2778bb status=0 uid=0 boot=fcf07b47-2b5d-4771-b4ae-17770cc41be6
root@asterinas-debug:/# python3 -c 'from pathlib import Path; import sys; p=Path("/run/lifecycle.offset"); n=int(p.read_text()) if p.exists() else 0; d=Path("/run/lifecycle.log").read_bytes(); sys.stdout.buffer.write(d[n:]); p.write_text(str(len(d)))'; s=$?; printf '\nCONTROL_%s status=%s uid=%s boot=%s\n' dbad2b38bba4efe6f8e901d4 "$s" "$(id -u)" "$(cat /proc/sys/kernel/random/boot_id)"

CONTROL_dbad2b38bba4efe6f8e901d4 status=0 uid=0 boot=fcf07b47-2b5d-4771-b4ae-17770cc41be6
root@asterinas-debug:/# python3 -c 'from pathlib import Path; import sys; p=Path("/run/lifecycle.offset"); n=int(p.read_text()) if p.exists() else 0; d=Path("/run/lifecycle.log").read_bytes(); sys.stdout.buffer.write(d[n:]); p.write_text(str(len(d)))'; s=$?; printf '\nCONTROL_%s status=%s uid=%s boot=%s\n' 0f05486e032b07f83a43b4e6 "$s" "$(id -u)" "$(cat /proc/sys/kernel/random/boot_id)"

CONTROL_0f05486e032b07f83a43b4e6 status=0 uid=0 boot=fcf07b47-2b5d-4771-b4ae-17770cc41be6
root@asterinas-debug:/# python3 -c 'from pathlib import Path; import sys; p=Path("/run/lifecycle.offset"); n=int(p.read_text()) if p.exists() else 0; d=Path("/run/lifecycle.log").read_bytes(); sys.stdout.buffer.write(d[n:]); p.write_text(str(len(d)))'; s=$?; printf '\nCONTROL_%s status=%s uid=%s boot=%s\n' 2e0f34450d7eb3b832ea5b29 "$s" "$(id -u)" "$(cat /proc/sys/kernel/random/boot_id)"

CONTROL_2e0f34450d7eb3b832ea5b29 status=0 uid=0 boot=fcf07b47-2b5d-4771-b4ae-17770cc41be6
root@asterinas-debug:/# python3 -c 'from pathlib import Path; import sys; p=Path("/run/lifecycle.offset"); n=int(p.read_text()) if p.exists() else 0; d=Path("/run/lifecycle.log").read_bytes(); sys.stdout.buffer.write(d[n:]); p.write_text(str(len(d)))'; s=$?; printf '\nCONTROL_%s status=%s uid=%s boot=%s\n' d96e87d9f4befa7cefc3fa6f "$s" "$(id -u)" "$(cat /proc/sys/kernel/random/boot_id)"
LIFECYCLE {"kind": "progress", "elapsed": 194.239, "value": {"active": [{"pid": "231", "cmd": "make results "}, {"pid": "234", "cmd": "/nix/store/16yz6y5x986j1qrb08c9bgbywdy5l9s7-rpcbind-riscv64-unknown-linux-gnu-1.2.6/bin/rpcbind -f "}, {"pid": "235", "cmd": "/nix/store/9plg9b18x3jmzjnh6vzxdpzgcw31mind-gnumake-riscv64-unknown-linux-gnu-4.4.1/bin/make --no-print-directory -f Makefile -o lmbench OS=riscv64-unknown-linux-gnu results "}, {"pid": "853", "cmd": "bw_tcp -s 127.0.0.1 "}, {"pid": "908", "cmd": "bw_tcp -P 1 -m 1024 localhost "}, {"pid": "909", "cmd": "bw_tcp -P 1 -m 1024 localhost "}, {"pid": "910", "cmd": "bw_tcp -s 127.0.0.1 "}]}}

CONTROL_d96e87d9f4befa7cefc3fa6f status=0 uid=0 boot=fcf07b47-2b5d-4771-b4ae-17770cc41be6
root@asterinas-debug:/# python3 -c 'from pathlib import Path; import sys; p=Path("/run/lifecycle.offset"); n=int(p.read_text()) if p.exists() else 0; d=Path("/run/lifecycle.log").read_bytes(); sys.stdout.buffer.write(d[n:]); p.write_text(str(len(d)))'; s=$?; printf '\nCONTROL_%s status=%s uid=%s boot=%s\n' b9454a2e85caff3d3fd4d90b "$s" "$(id -u)" "$(cat /proc/sys/kernel/random/boot_id)"

CONTROL_b9454a2e85caff3d3fd4d90b status=0 uid=0 boot=fcf07b47-2b5d-4771-b4ae-17770cc41be6
root@asterinas-debug:/# python3 -c 'from pathlib import Path; import sys; p=Path("/run/lifecycle.offset"); n=int(p.read_text()) if p.exists() else 0; d=Path("/run/lifecycle.log").read_bytes(); sys.stdout.buffer.write(d[n:]); p.write_text(str(len(d)))'; s=$?; printf '\nCONTROL_%s status=%s uid=%s boot=%s\n' a90023c783db12da333e5e73 "$s" "$(id -u)" "$(cat /proc/sys/kernel/random/boot_id)"

CONTROL_a90023c783db12da333e5e73 status=0 uid=0 boot=fcf07b47-2b5d-4771-b4ae-17770cc41be6
root@asterinas-debug:/# python3 -c 'from pathlib import Path; import sys; p=Path("/run/lifecycle.offset"); n=int(p.read_text()) if p.exists() else 0; d=Path("/run/lifecycle.log").read_bytes(); sys.stdout.buffer.write(d[n:]); p.write_text(str(len(d)))'; s=$?; printf '\nCONTROL_%s status=%s uid=%s boot=%s\n' ea2618e361cf4e923ae99163 "$s" "$(id -u)" "$(cat /proc/sys/kernel/random/boot_id)"

CONTROL_ea2618e361cf4e923ae99163 status=0 uid=0 boot=fcf07b47-2b5d-4771-b4ae-17770cc41be6
root@asterinas-debug:/# python3 -c 'from pathlib import Path; import sys; p=Path("/run/lifecycle.offset"); n=int(p.read_text()) if p.exists() else 0; d=Path("/run/lifecycle.log").read_bytes(); sys.stdout.buffer.write(d[n:]); p.write_text(str(len(d)))'; s=$?; printf '\nCONTROL_%s status=%s uid=%s boot=%s\n' 0e26ee4981007f10d399724f "$s" "$(id -u)" "$(cat /proc/sys/kernel/random/boot_id)"
LIFECYCLE {"kind": "progress", "elapsed": 204.257, "value": {"active": [{"pid": "231", "cmd": "make results "}, {"pid": "234", "cmd": "/nix/store/16yz6y5x986j1qrb08c9bgbywdy5l9s7-rpcbind-riscv64-unknown-linux-gnu-1.2.6/bin/rpcbind -f "}, {"pid": "235", "cmd": "/nix/store/9plg9b18x3jmzjnh6vzxdpzgcw31mind-gnumake-riscv64-unknown-linux-gnu-4.4.1/bin/make --no-print-directory -f Makefile -o lmbench OS=riscv64-unknown-linux-gnu results "}, {"pid": "853", "cmd": "bw_tcp -s 127.0.0.1 "}, {"pid": "920", "cmd": "bw_tcp -P 1 -m 1437 localhost "}, {"pid": "921", "cmd": "bw_tcp -P 1 -m 1437 localhost "}, {"pid": "922", "cmd": "bw_tcp -s 127.0.0.1 "}]}}

CONTROL_0e26ee4981007f10d399724f status=0 uid=0 boot=fcf07b47-2b5d-4771-b4ae-17770cc41be6
root@asterinas-debug:/# python3 -c 'from pathlib import Path; import sys; p=Path("/run/lifecycle.offset"); n=int(p.read_text()) if p.exists() else 0; d=Path("/run/lifecycle.log").read_bytes(); sys.stdout.buffer.write(d[n:]); p.write_text(str(len(d)))'; s=$?; printf '\nCONTROL_%s status=%s uid=%s boot=%s\n' 80cc3b87f2a68288e1b5369b "$s" "$(id -u)" "$(cat /proc/sys/kernel/random/boot_id)"

CONTROL_80cc3b87f2a68288e1b5369b status=0 uid=0 boot=fcf07b47-2b5d-4771-b4ae-17770cc41be6
root@asterinas-debug:/# python3 -c 'from pathlib import Path; import sys; p=Path("/run/lifecycle.offset"); n=int(p.read_text()) if p.exists() else 0; d=Path("/run/lifecycle.log").read_bytes(); sys.stdout.buffer.write(d[n:]); p.write_text(str(len(d)))'; s=$?; printf '\nCONTROL_%s status=%s uid=%s boot=%s\n' 6b0ae7fd575a423f7ff8979e "$s" "$(id -u)" "$(cat /proc/sys/kernel/random/boot_id)"

CONTROL_6b0ae7fd575a423f7ff8979e status=0 uid=0 boot=fcf07b47-2b5d-4771-b4ae-17770cc41be6
root@asterinas-debug:/# python3 -c 'from pathlib import Path; import sys; p=Path("/run/lifecycle.offset"); n=int(p.read_text()) if p.exists() else 0; d=Path("/run/lifecycle.log").read_bytes(); sys.stdout.buffer.write(d[n:]); p.write_text(str(len(d)))'; s=$?; printf '\nCONTROL_%s status=%s uid=%s boot=%s\n' 25b6c18362b0c8dace157707 "$s" "$(id -u)" "$(cat /proc/sys/kernel/random/boot_id)"

CONTROL_25b6c18362b0c8dace157707 status=0 uid=0 boot=fcf07b47-2b5d-4771-b4ae-17770cc41be6
root@asterinas-debug:/# python3 -c 'from pathlib import Path; import sys; p=Path("/run/lifecycle.offset"); n=int(p.read_text()) if p.exists() else 0; d=Path("/run/lifecycle.log").read_bytes(); sys.stdout.buffer.write(d[n:]); p.write_text(str(len(d)))'; s=$?; printf '\nCONTROL_%s status=%s uid=%s boot=%s\n' a22dca453d0fc8e253b3ab02 "$s" "$(id -u)" "$(cat /proc/sys/kernel/random/boot_id)"
LIFECYCLE {"kind": "progress", "elapsed": 214.271, "value": {"active": [{"pid": "231", "cmd": "make results "}, {"pid": "234", "cmd": "/nix/store/16yz6y5x986j1qrb08c9bgbywdy5l9s7-rpcbind-riscv64-unknown-linux-gnu-1.2.6/bin/rpcbind -f "}, {"pid": "235", "cmd": "/nix/store/9plg9b18x3jmzjnh6vzxdpzgcw31mind-gnumake-riscv64-unknown-linux-gnu-4.4.1/bin/make --no-print-directory -f Makefile -o lmbench OS=riscv64-unknown-linux-gnu results "}, {"pid": "853", "cmd": "bw_tcp -s 127.0.0.1 "}, {"pid": "932", "cmd": "bw_tcp -P 1 -m 10M localhost "}, {"pid": "933", "cmd": "bw_tcp -P 1 -m 10M localhost "}, {"pid": "934", "cmd": "bw_tcp -s 127.0.0.1 "}]}}

CONTROL_a22dca453d0fc8e253b3ab02 status=0 uid=0 boot=fcf07b47-2b5d-4771-b4ae-17770cc41be6
root@asterinas-debug:/# python3 -c 'from pathlib import Path; import sys; p=Path("/run/lifecycle.offset"); n=int(p.read_text()) if p.exists() else 0; d=Path("/run/lifecycle.log").read_bytes(); sys.stdout.buffer.write(d[n:]); p.write_text(str(len(d)))'; s=$?; printf '\nCONTROL_%s status=%s uid=%s boot=%s\n' d151d46caacb503c5b590f53 "$s" "$(id -u)" "$(cat /proc/sys/kernel/random/boot_id)"

CONTROL_d151d46caacb503c5b590f53 status=0 uid=0 boot=fcf07b47-2b5d-4771-b4ae-17770cc41be6
root@asterinas-debug:/# python3 -c 'from pathlib import Path; import sys; p=Path("/run/lifecycle.offset"); n=int(p.read_text()) if p.exists() else 0; d=Path("/run/lifecycle.log").read_bytes(); sys.stdout.buffer.write(d[n:]); p.write_text(str(len(d)))'; s=$?; printf '\nCONTROL_%s status=%s uid=%s boot=%s\n' 57c3a068c2d7cb9769af4188 "$s" "$(id -u)" "$(cat /proc/sys/kernel/random/boot_id)"

CONTROL_57c3a068c2d7cb9769af4188 status=0 uid=0 boot=fcf07b47-2b5d-4771-b4ae-17770cc41be6
root@asterinas-debug:/# python3 -c 'from pathlib import Path; import sys; p=Path("/run/lifecycle.offset"); n=int(p.read_text()) if p.exists() else 0; d=Path("/run/lifecycle.log").read_bytes(); sys.stdout.buffer.write(d[n:]); p.write_text(str(len(d)))'; s=$?; printf '\nCONTROL_%s status=%s uid=%s boot=%s\n' 4a7df76c38f07a796b30a891 "$s" "$(id -u)" "$(cat /proc/sys/kernel/random/boot_id)"

CONTROL_4a7df76c38f07a796b30a891 status=0 uid=0 boot=fcf07b47-2b5d-4771-b4ae-17770cc41be6
root@asterinas-debug:/# python3 -c 'from pathlib import Path; import sys; p=Path("/run/lifecycle.offset"); n=int(p.read_text()) if p.exists() else 0; d=Path("/run/lifecycle.log").read_bytes(); sys.stdout.buffer.write(d[n:]); p.write_text(str(len(d)))'; s=$?; printf '\nCONTROL_%s status=%s uid=%s boot=%s\n' d184c339edfaa1f16ea356da "$s" "$(id -u)" "$(cat /proc/sys/kernel/random/boot_id)"
LIFECYCLE {"kind": "progress", "elapsed": 224.281, "value": {"active": [{"pid": "231", "cmd": "make results "}, {"pid": "234", "cmd": "/nix/store/16yz6y5x986j1qrb08c9bgbywdy5l9s7-rpcbind-riscv64-unknown-linux-gnu-1.2.6/bin/rpcbind -f "}, {"pid": "235", "cmd": "/nix/store/9plg9b18x3jmzjnh6vzxdpzgcw31mind-gnumake-riscv64-unknown-linux-gnu-4.4.1/bin/make --no-print-directory -f Makefile -o lmbench OS=riscv64-unknown-linux-gnu results "}, {"pid": "853", "cmd": "bw_tcp -s 127.0.0.1 "}, {"pid": "932", "cmd": "bw_tcp -P 1 -m 10M localhost "}, {"pid": "933", "cmd": "bw_tcp -P 1 -m 10M localhost "}, {"pid": "934", "cmd": "bw_tcp -s 127.0.0.1 "}]}}

CONTROL_d184c339edfaa1f16ea356da status=0 uid=0 boot=fcf07b47-2b5d-4771-b4ae-17770cc41be6
root@asterinas-debug:/# python3 -c 'from pathlib import Path; import sys; p=Path("/run/lifecycle.offset"); n=int(p.read_text()) if p.exists() else 0; d=Path("/run/lifecycle.log").read_bytes(); sys.stdout.buffer.write(d[n:]); p.write_text(str(len(d)))'; s=$?; printf '\nCONTROL_%s status=%s uid=%s boot=%s\n' 38bc9fd5ee130afd21fd37aa "$s" "$(id -u)" "$(cat /proc/sys/kernel/random/boot_id)"

CONTROL_38bc9fd5ee130afd21fd37aa status=0 uid=0 boot=fcf07b47-2b5d-4771-b4ae-17770cc41be6
root@asterinas-debug:/# python3 -c 'from pathlib import Path; import sys; p=Path("/run/lifecycle.offset"); n=int(p.read_text()) if p.exists() else 0; d=Path("/run/lifecycle.log").read_bytes(); sys.stdout.buffer.write(d[n:]); p.write_text(str(len(d)))'; s=$?; printf '\nCONTROL_%s status=%s uid=%s boot=%s\n' 000bf05a3435670ae62ca8a1 "$s" "$(id -u)" "$(cat /proc/sys/kernel/random/boot_id)"

CONTROL_000bf05a3435670ae62ca8a1 status=0 uid=0 boot=fcf07b47-2b5d-4771-b4ae-17770cc41be6
root@asterinas-debug:/# python3 -c 'from pathlib import Path; import sys; p=Path("/run/lifecycle.offset"); n=int(p.read_text()) if p.exists() else 0; d=Path("/run/lifecycle.log").read_bytes(); sys.stdout.buffer.write(d[n:]); p.write_text(str(len(d)))'; s=$?; printf '\nCONTROL_%s status=%s uid=%s boot=%s\n' fd35f67724ed9a7ad6dcffc8 "$s" "$(id -u)" "$(cat /proc/sys/kernel/random/boot_id)"
LIFECYCLE {"kind": "progress", "elapsed": 234.294, "value": {"active": [{"pid": "231", "cmd": "make results "}, {"pid": "234", "cmd": "/nix/store/16yz6y5x986j1qrb08c9bgbywdy5l9s7-rpcbind-riscv64-unknown-linux-gnu-1.2.6/bin/rpcbind -f "}, {"pid": "235", "cmd": "/nix/store/9plg9b18x3jmzjnh6vzxdpzgcw31mind-gnumake-riscv64-unknown-linux-gnu-4.4.1/bin/make --no-print-directory -f Makefile -o lmbench OS=riscv64-unknown-linux-gnu results "}, {"pid": "853", "cmd": "bw_tcp -s 127.0.0.1 "}, {"pid": "932", "cmd": "bw_tcp -P 1 -m 10M localhost "}, {"pid": "933", "cmd": "bw_tcp -P 1 -m 10M localhost "}, {"pid": "934", "cmd": "bw_tcp -s 127.0.0.1 "}]}}

CONTROL_fd35f67724ed9a7ad6dcffc8 status=0 uid=0 boot=fcf07b47-2b5d-4771-b4ae-17770cc41be6
root@asterinas-debug:/# python3 -c 'from pathlib import Path; import sys; p=Path("/run/lifecycle.offset"); n=int(p.read_text()) if p.exists() else 0; d=Path("/run/lifecycle.log").read_bytes(); sys.stdout.buffer.write(d[n:]); p.write_text(str(len(d)))'; s=$?; printf '\nCONTROL_%s status=%s uid=%s boot=%s\n' cecc7a4004be7677cc0e1d54 "$s" "$(id -u)" "$(cat /proc/sys/kernel/random/boot_id)"

CONTROL_cecc7a4004be7677cc0e1d54 status=0 uid=0 boot=fcf07b47-2b5d-4771-b4ae-17770cc41be6
root@asterinas-debug:/# python3 -c 'from pathlib import Path; import sys; p=Path("/run/lifecycle.offset"); n=int(p.read_text()) if p.exists() else 0; d=Path("/run/lifecycle.log").read_bytes(); sys.stdout.buffer.write(d[n:]); p.write_text(str(len(d)))'; s=$?; printf '\nCONTROL_%s status=%s uid=%s boot=%s\n' 8a866ada9e98a9a25ed5df46 "$s" "$(id -u)" "$(cat /proc/sys/kernel/random/boot_id)"

CONTROL_8a866ada9e98a9a25ed5df46 status=0 uid=0 boot=fcf07b47-2b5d-4771-b4ae-17770cc41be6
root@asterinas-debug:/# python3 -c 'from pathlib import Path; import sys; p=Path("/run/lifecycle.offset"); n=int(p.read_text()) if p.exists() else 0; d=Path("/run/lifecycle.log").read_bytes(); sys.stdout.buffer.write(d[n:]); p.write_text(str(len(d)))'; s=$?; printf '\nCONTROL_%s status=%s uid=%s boot=%s\n' 6564a708172d48e7c580580a "$s" "$(id -u)" "$(cat /proc/sys/kernel/random/boot_id)"

CONTROL_6564a708172d48e7c580580a status=0 uid=0 boot=fcf07b47-2b5d-4771-b4ae-17770cc41be6
root@asterinas-debug:/# python3 -c 'from pathlib import Path; import sys; p=Path("/run/lifecycle.offset"); n=int(p.read_text()) if p.exists() else 0; d=Path("/run/lifecycle.log").read_bytes(); sys.stdout.buffer.write(d[n:]); p.write_text(str(len(d)))'; s=$?; printf '\nCONTROL_%s status=%s uid=%s boot=%s\n' 3263a3a990da08504d8db860 "$s" "$(id -u)" "$(cat /proc/sys/kernel/random/boot_id)"
LIFECYCLE {"kind": "progress", "elapsed": 244.308, "value": {"active": [{"pid": "231", "cmd": "make results "}, {"pid": "234", "cmd": "/nix/store/16yz6y5x986j1qrb08c9bgbywdy5l9s7-rpcbind-riscv64-unknown-linux-gnu-1.2.6/bin/rpcbind -f "}, {"pid": "235", "cmd": "/nix/store/9plg9b18x3jmzjnh6vzxdpzgcw31mind-gnumake-riscv64-unknown-linux-gnu-4.4.1/bin/make --no-print-directory -f Makefile -o lmbench OS=riscv64-unknown-linux-gnu results "}, {"pid": "853", "cmd": "bw_tcp -s 127.0.0.1 "}, {"pid": "932", "cmd": "bw_tcp -P 1 -m 10M localhost "}, {"pid": "933", "cmd": "bw_tcp -P 1 -m 10M localhost "}, {"pid": "934", "cmd": "bw_tcp -s 127.0.0.1 "}]}}

CONTROL_3263a3a990da08504d8db860 status=0 uid=0 boot=fcf07b47-2b5d-4771-b4ae-17770cc41be6
root@asterinas-debug:/# python3 -c 'from pathlib import Path; import sys; p=Path("/run/lifecycle.offset"); n=int(p.read_text()) if p.exists() else 0; d=Path("/run/lifecycle.log").read_bytes(); sys.stdout.buffer.write(d[n:]); p.write_text(str(len(d)))'; s=$?; printf '\nCONTROL_%s status=%s uid=%s boot=%s\n' b6e785eb6ebe4f10597824f2 "$s" "$(id -u)" "$(cat /proc/sys/kernel/random/boot_id)"

CONTROL_b6e785eb6ebe4f10597824f2 status=0 uid=0 boot=fcf07b47-2b5d-4771-b4ae-17770cc41be6
root@asterinas-debug:/# python3 -c 'from pathlib import Path; import sys; p=Path("/run/lifecycle.offset"); n=int(p.read_text()) if p.exists() else 0; d=Path("/run/lifecycle.log").read_bytes(); sys.stdout.buffer.write(d[n:]); p.write_text(str(len(d)))'; s=$?; printf '\nCONTROL_%s status=%s uid=%s boot=%s\n' 8176d7b53dbaaa2dfdf8fe5d "$s" "$(id -u)" "$(cat /proc/sys/kernel/random/boot_id)"

CONTROL_8176d7b53dbaaa2dfdf8fe5d status=0 uid=0 boot=fcf07b47-2b5d-4771-b4ae-17770cc41be6
root@asterinas-debug:/# python3 -c 'from pathlib import Path; import sys; p=Path("/run/lifecycle.offset"); n=int(p.read_text()) if p.exists() else 0; d=Path("/run/lifecycle.log").read_bytes(); sys.stdout.buffer.write(d[n:]); p.write_text(str(len(d)))'; s=$?; printf '\nCONTROL_%s status=%s uid=%s boot=%s\n' b802ff4498b6a63218d28cba "$s" "$(id -u)" "$(cat /proc/sys/kernel/random/boot_id)"

CONTROL_b802ff4498b6a63218d28cba status=0 uid=0 boot=fcf07b47-2b5d-4771-b4ae-17770cc41be6
root@asterinas-debug:/# python3 -c 'from pathlib import Path; import sys; p=Path("/run/lifecycle.offset"); n=int(p.read_text()) if p.exists() else 0; d=Path("/run/lifecycle.log").read_bytes(); sys.stdout.buffer.write(d[n:]); p.write_text(str(len(d)))'; s=$?; printf '\nCONTROL_%s status=%s uid=%s boot=%s\n' 1069e8de939e811e4a81d669 "$s" "$(id -u)" "$(cat /proc/sys/kernel/random/boot_id)"
LIFECYCLE {"kind": "progress", "elapsed": 254.324, "value": {"active": [{"pid": "231", "cmd": "make results "}, {"pid": "234", "cmd": "/nix/store/16yz6y5x986j1qrb08c9bgbywdy5l9s7-rpcbind-riscv64-unknown-linux-gnu-1.2.6/bin/rpcbind -f "}, {"pid": "235", "cmd": "/nix/store/9plg9b18x3jmzjnh6vzxdpzgcw31mind-gnumake-riscv64-unknown-linux-gnu-4.4.1/bin/make --no-print-directory -f Makefile -o lmbench OS=riscv64-unknown-linux-gnu results "}, {"pid": "990", "cmd": "bw_unix -P 1 "}, {"pid": "991", "cmd": "bw_unix -P 1 "}, {"pid": "992", "cmd": "bw_unix -P 1 "}]}}

CONTROL_1069e8de939e811e4a81d669 status=0 uid=0 boot=fcf07b47-2b5d-4771-b4ae-17770cc41be6
root@asterinas-debug:/# python3 -c 'from pathlib import Path; import sys; p=Path("/run/lifecycle.offset"); n=int(p.read_text()) if p.exists() else 0; d=Path("/run/lifecycle.log").read_bytes(); sys.stdout.buffer.write(d[n:]); p.write_text(str(len(d)))'; s=$?; printf '\nCONTROL_%s status=%s uid=%s boot=%s\n' 31aa98ed61a7db11005ec044 "$s" "$(id -u)" "$(cat /proc/sys/kernel/random/boot_id)"

CONTROL_31aa98ed61a7db11005ec044 status=0 uid=0 boot=fcf07b47-2b5d-4771-b4ae-17770cc41be6
root@asterinas-debug:/# python3 -c 'from pathlib import Path; import sys; p=Path("/run/lifecycle.offset"); n=int(p.read_text()) if p.exists() else 0; d=Path("/run/lifecycle.log").read_bytes(); sys.stdout.buffer.write(d[n:]); p.write_text(str(len(d)))'; s=$?; printf '\nCONTROL_%s status=%s uid=%s boot=%s\n' 8185a658036447a579d084b3 "$s" "$(id -u)" "$(cat /proc/sys/kernel/random/boot_id)"

CONTROL_8185a658036447a579d084b3 status=0 uid=0 boot=fcf07b47-2b5d-4771-b4ae-17770cc41be6
root@asterinas-debug:/# python3 -c 'from pathlib import Path; import sys; p=Path("/run/lifecycle.offset"); n=int(p.read_text()) if p.exists() else 0; d=Path("/run/lifecycle.log").read_bytes(); sys.stdout.buffer.write(d[n:]); p.write_text(str(len(d)))'; s=$?; printf '\nCONTROL_%s status=%s uid=%s boot=%s\n' 88c216e74a7097227f758a3f "$s" "$(id -u)" "$(cat /proc/sys/kernel/random/boot_id)"

CONTROL_88c216e74a7097227f758a3f status=0 uid=0 boot=fcf07b47-2b5d-4771-b4ae-17770cc41be6
root@asterinas-debug:/# python3 -c 'from pathlib import Path; import sys; p=Path("/run/lifecycle.offset"); n=int(p.read_text()) if p.exists() else 0; d=Path("/run/lifecycle.log").read_bytes(); sys.stdout.buffer.write(d[n:]); p.write_text(str(len(d)))'; s=$?; printf '\nCONTROL_%s status=%s uid=%s boot=%s\n' bfbdc2d6eed9d0b90c1d7ee6 "$s" "$(id -u)" "$(cat /proc/sys/kernel/random/boot_id)"
LIFECYCLE {"kind": "progress", "elapsed": 264.334, "value": {"active": [{"pid": "231", "cmd": "make results "}, {"pid": "234", "cmd": "/nix/store/16yz6y5x986j1qrb08c9bgbywdy5l9s7-rpcbind-riscv64-unknown-linux-gnu-1.2.6/bin/rpcbind -f "}, {"pid": "235", "cmd": "/nix/store/9plg9b18x3jmzjnh6vzxdpzgcw31mind-gnumake-riscv64-unknown-linux-gnu-4.4.1/bin/make --no-print-directory -f Makefile -o lmbench OS=riscv64-unknown-linux-gnu results "}, {"pid": "990", "cmd": "bw_unix -P 1 "}, {"pid": "991", "cmd": "bw_unix -P 1 "}, {"pid": "992", "cmd": "bw_unix -P 1 "}]}}

CONTROL_bfbdc2d6eed9d0b90c1d7ee6 status=0 uid=0 boot=fcf07b47-2b5d-4771-b4ae-17770cc41be6
root@asterinas-debug:/# python3 -c 'from pathlib import Path; import sys; p=Path("/run/lifecycle.offset"); n=int(p.read_text()) if p.exists() else 0; d=Path("/run/lifecycle.log").read_bytes(); sys.stdout.buffer.write(d[n:]); p.write_text(str(len(d)))'; s=$?; printf '\nCONTROL_%s status=%s uid=%s boot=%s\n' 062643ec226923eaa6d7de83 "$s" "$(id -u)" "$(cat /proc/sys/kernel/random/boot_id)"

CONTROL_062643ec226923eaa6d7de83 status=0 uid=0 boot=fcf07b47-2b5d-4771-b4ae-17770cc41be6
root@asterinas-debug:/# python3 -c 'from pathlib import Path; import sys; p=Path("/run/lifecycle.offset"); n=int(p.read_text()) if p.exists() else 0; d=Path("/run/lifecycle.log").read_bytes(); sys.stdout.buffer.write(d[n:]); p.write_text(str(len(d)))'; s=$?; printf '\nCONTROL_%s status=%s uid=%s boot=%s\n' 24d2db011aacf4e85252efaa "$s" "$(id -u)" "$(cat /proc/sys/kernel/random/boot_id)"

CONTROL_24d2db011aacf4e85252efaa status=0 uid=0 boot=fcf07b47-2b5d-4771-b4ae-17770cc41be6
root@asterinas-debug:/# python3 -c 'from pathlib import Path; import sys; p=Path("/run/lifecycle.offset"); n=int(p.read_text()) if p.exists() else 0; d=Path("/run/lifecycle.log").read_bytes(); sys.stdout.buffer.write(d[n:]); p.write_text(str(len(d)))'; s=$?; printf '\nCONTROL_%s status=%s uid=%s boot=%s\n' 04f53f7b5195d6be8d04f1dd "$s" "$(id -u)" "$(cat /proc/sys/kernel/random/boot_id)"

CONTROL_04f53f7b5195d6be8d04f1dd status=0 uid=0 boot=fcf07b47-2b5d-4771-b4ae-17770cc41be6
root@asterinas-debug:/# python3 -c 'from pathlib import Path; import sys; p=Path("/run/lifecycle.offset"); n=int(p.read_text()) if p.exists() else 0; d=Path("/run/lifecycle.log").read_bytes(); sys.stdout.buffer.write(d[n:]); p.write_text(str(len(d)))'; s=$?; printf '\nCONTROL_%s status=%s uid=%s boot=%s\n' f095fa692c57daae1b782b3a "$s" "$(id -u)" "$(cat /proc/sys/kernel/random/boot_id)"

CONTROL_f095fa692c57daae1b782b3a status=0 uid=0 boot=fcf07b47-2b5d-4771-b4ae-17770cc41be6
root@asterinas-debug:/# python3 -c 'from pathlib import Path; import sys; p=Path("/run/lifecycle.offset"); n=int(p.read_text()) if p.exists() else 0; d=Path("/run/lifecycle.log").read_bytes(); sys.stdout.buffer.write(d[n:]); p.write_text(str(len(d)))'; s=$?; printf '\nCONTROL_%s status=%s uid=%s boot=%s\n' fd7ed122c8ff31ec761f878d "$s" "$(id -u)" "$(cat /proc/sys/kernel/random/boot_id)"
LIFECYCLE {"kind": "progress", "elapsed": 274.352, "value": {"active": [{"pid": "231", "cmd": "make results "}, {"pid": "234", "cmd": "/nix/store/16yz6y5x986j1qrb08c9bgbywdy5l9s7-rpcbind-riscv64-unknown-linux-gnu-1.2.6/bin/rpcbind -f "}, {"pid": "235", "cmd": "/nix/store/9plg9b18x3jmzjnh6vzxdpzgcw31mind-gnumake-riscv64-unknown-linux-gnu-4.4.1/bin/make --no-print-directory -f Makefile -o lmbench OS=riscv64-unknown-linux-gnu results "}, {"pid": "990", "cmd": "bw_unix -P 1 "}, {"pid": "991", "cmd": "bw_unix -P 1 "}, {"pid": "992", "cmd": "bw_unix -P 1 "}]}}

CONTROL_fd7ed122c8ff31ec761f878d status=0 uid=0 boot=fcf07b47-2b5d-4771-b4ae-17770cc41be6
root@asterinas-debug:/# python3 -c 'from pathlib import Path; import sys; p=Path("/run/lifecycle.offset"); n=int(p.read_text()) if p.exists() else 0; d=Path("/run/lifecycle.log").read_bytes(); sys.stdout.buffer.write(d[n:]); p.write_text(str(len(d)))'; s=$?; printf '\nCONTROL_%s status=%s uid=%s boot=%s\n' 5f09d850dfc1f9e06e87a503 "$s" "$(id -u)" "$(cat /proc/sys/kernel/random/boot_id)"

CONTROL_5f09d850dfc1f9e06e87a503 status=0 uid=0 boot=fcf07b47-2b5d-4771-b4ae-17770cc41be6
root@asterinas-debug:/# python3 -c 'from pathlib import Path; import sys; p=Path("/run/lifecycle.offset"); n=int(p.read_text()) if p.exists() else 0; d=Path("/run/lifecycle.log").read_bytes(); sys.stdout.buffer.write(d[n:]); p.write_text(str(len(d)))'; s=$?; printf '\nCONTROL_%s status=%s uid=%s boot=%s\n' a63fb72ac62ab01b56f9cc99 "$s" "$(id -u)" "$(cat /proc/sys/kernel/random/boot_id)"

CONTROL_a63fb72ac62ab01b56f9cc99 status=0 uid=0 boot=fcf07b47-2b5d-4771-b4ae-17770cc41be6
root@asterinas-debug:/# python3 -c 'from pathlib import Path; import sys; p=Path("/run/lifecycle.offset"); n=int(p.read_text()) if p.exists() else 0; d=Path("/run/lifecycle.log").read_bytes(); sys.stdout.buffer.write(d[n:]); p.write_text(str(len(d)))'; s=$?; printf '\nCONTROL_%s status=%s uid=%s boot=%s\n' a1aac7786181daa5e4c7a81f "$s" "$(id -u)" "$(cat /proc/sys/kernel/random/boot_id)"

CONTROL_a1aac7786181daa5e4c7a81f status=0 uid=0 boot=fcf07b47-2b5d-4771-b4ae-17770cc41be6
root@asterinas-debug:/# python3 -c 'from pathlib import Path; import sys; p=Path("/run/lifecycle.offset"); n=int(p.read_text()) if p.exists() else 0; d=Path("/run/lifecycle.log").read_bytes(); sys.stdout.buffer.write(d[n:]); p.write_text(str(len(d)))'; s=$?; printf '\nCONTROL_%s status=%s uid=%s boot=%s\n' 50a90f93042c1a309fd1d61d "$s" "$(id -u)" "$(cat /proc/sys/kernel/random/boot_id)"
LIFECYCLE {"kind": "progress", "elapsed": 284.368, "value": {"active": [{"pid": "231", "cmd": "make results "}, {"pid": "234", "cmd": "/nix/store/16yz6y5x986j1qrb08c9bgbywdy5l9s7-rpcbind-riscv64-unknown-linux-gnu-1.2.6/bin/rpcbind -f "}, {"pid": "235", "cmd": "/nix/store/9plg9b18x3jmzjnh6vzxdpzgcw31mind-gnumake-riscv64-unknown-linux-gnu-4.4.1/bin/make --no-print-directory -f Makefile -o lmbench OS=riscv64-unknown-linux-gnu results "}, {"pid": "1026", "cmd": "bw_pipe -P 1 "}, {"pid": "1027", "cmd": "bw_pipe -P 1 "}, {"pid": "1028", "cmd": "bw_pipe -P 1 "}]}}

CONTROL_50a90f93042c1a309fd1d61d status=0 uid=0 boot=fcf07b47-2b5d-4771-b4ae-17770cc41be6
root@asterinas-debug:/# python3 -c 'from pathlib import Path; import sys; p=Path("/run/lifecycle.offset"); n=int(p.read_text()) if p.exists() else 0; d=Path("/run/lifecycle.log").read_bytes(); sys.stdout.buffer.write(d[n:]); p.write_text(str(len(d)))'; s=$?; printf '\nCONTROL_%s status=%s uid=%s boot=%s\n' 2fe72976cb78336330f9b481 "$s" "$(id -u)" "$(cat /proc/sys/kernel/random/boot_id)"

CONTROL_2fe72976cb78336330f9b481 status=0 uid=0 boot=fcf07b47-2b5d-4771-b4ae-17770cc41be6
root@asterinas-debug:/# python3 -c 'from pathlib import Path; import sys; p=Path("/run/lifecycle.offset"); n=int(p.read_text()) if p.exists() else 0; d=Path("/run/lifecycle.log").read_bytes(); sys.stdout.buffer.write(d[n:]); p.write_text(str(len(d)))'; s=$?; printf '\nCONTROL_%s status=%s uid=%s boot=%s\n' 81c53603016698692e350ad5 "$s" "$(id -u)" "$(cat /proc/sys/kernel/random/boot_id)"

CONTROL_81c53603016698692e350ad5 status=0 uid=0 boot=fcf07b47-2b5d-4771-b4ae-17770cc41be6
root@asterinas-debug:/# python3 -c 'from pathlib import Path; import sys; p=Path("/run/lifecycle.offset"); n=int(p.read_text()) if p.exists() else 0; d=Path("/run/lifecycle.log").read_bytes(); sys.stdout.buffer.write(d[n:]); p.write_text(str(len(d)))'; s=$?; printf '\nCONTROL_%s status=%s uid=%s boot=%s\n' 66007f3d3cb3541622856175 "$s" "$(id -u)" "$(cat /proc/sys/kernel/random/boot_id)"

CONTROL_66007f3d3cb3541622856175 status=0 uid=0 boot=fcf07b47-2b5d-4771-b4ae-17770cc41be6
root@asterinas-debug:/# python3 -c 'from pathlib import Path; import sys; p=Path("/run/lifecycle.offset"); n=int(p.read_text()) if p.exists() else 0; d=Path("/run/lifecycle.log").read_bytes(); sys.stdout.buffer.write(d[n:]); p.write_text(str(len(d)))'; s=$?; printf '\nCONTROL_%s status=%s uid=%s boot=%s\n' f67f93b3af767e46e95815da "$s" "$(id -u)" "$(cat /proc/sys/kernel/random/boot_id)"

CONTROL_f67f93b3af767e46e95815da status=0 uid=0 boot=fcf07b47-2b5d-4771-b4ae-17770cc41be6
root@asterinas-debug:/# python3 -c 'from pathlib import Path; import sys; p=Path("/run/lifecycle.offset"); n=int(p.read_text()) if p.exists() else 0; d=Path("/run/lifecycle.log").read_bytes(); sys.stdout.buffer.write(d[n:]); p.write_text(str(len(d)))'; s=$?; printf '\nCONTROL_%s status=%s uid=%s boot=%s\n' e92de90e22870dde2abbccc9 "$s" "$(id -u)" "$(cat /proc/sys/kernel/random/boot_id)"
LIFECYCLE {"kind": "progress", "elapsed": 294.381, "value": {"active": [{"pid": "231", "cmd": "make results "}, {"pid": "234", "cmd": "/nix/store/16yz6y5x986j1qrb08c9bgbywdy5l9s7-rpcbind-riscv64-unknown-linux-gnu-1.2.6/bin/rpcbind -f "}, {"pid": "235", "cmd": "/nix/store/9plg9b18x3jmzjnh6vzxdpzgcw31mind-gnumake-riscv64-unknown-linux-gnu-4.4.1/bin/make --no-print-directory -f Makefile -o lmbench OS=riscv64-unknown-linux-gnu results "}, {"pid": "1026", "cmd": "bw_pipe -P 1 "}, {"pid": "1027", "cmd": "bw_pipe -P 1 "}, {"pid": "1028", "cmd": "bw_pipe -P 1 "}]}}

CONTROL_e92de90e22870dde2abbccc9 status=0 uid=0 boot=fcf07b47-2b5d-4771-b4ae-17770cc41be6
root@asterinas-debug:/# python3 -c 'from pathlib import Path; import sys; p=Path("/run/lifecycle.offset"); n=int(p.read_text()) if p.exists() else 0; d=Path("/run/lifecycle.log").read_bytes(); sys.stdout.buffer.write(d[n:]); p.write_text(str(len(d)))'; s=$?; printf '\nCONTROL_%s status=%s uid=%s boot=%s\n' 2e2fad8325b169602821001d "$s" "$(id -u)" "$(cat /proc/sys/kernel/random/boot_id)"

CONTROL_2e2fad8325b169602821001d status=0 uid=0 boot=fcf07b47-2b5d-4771-b4ae-17770cc41be6
root@asterinas-debug:/# python3 -c 'from pathlib import Path; import sys; p=Path("/run/lifecycle.offset"); n=int(p.read_text()) if p.exists() else 0; d=Path("/run/lifecycle.log").read_bytes(); sys.stdout.buffer.write(d[n:]); p.write_text(str(len(d)))'; s=$?; printf '\nCONTROL_%s status=%s uid=%s boot=%s\n' ab0f0aeac7000d858b10655f "$s" "$(id -u)" "$(cat /proc/sys/kernel/random/boot_id)"

CONTROL_ab0f0aeac7000d858b10655f status=0 uid=0 boot=fcf07b47-2b5d-4771-b4ae-17770cc41be6
root@asterinas-debug:/# python3 -c 'from pathlib import Path; import sys; p=Path("/run/lifecycle.offset"); n=int(p.read_text()) if p.exists() else 0; d=Path("/run/lifecycle.log").read_bytes(); sys.stdout.buffer.write(d[n:]); p.write_text(str(len(d)))'; s=$?; printf '\nCONTROL_%s status=%s uid=%s boot=%s\n' 611d4800778d0357a3a9f2cc "$s" "$(id -u)" "$(cat /proc/sys/kernel/random/boot_id)"

CONTROL_611d4800778d0357a3a9f2cc status=0 uid=0 boot=fcf07b47-2b5d-4771-b4ae-17770cc41be6
root@asterinas-debug:/# python3 -c 'from pathlib import Path; import sys; p=Path("/run/lifecycle.offset"); n=int(p.read_text()) if p.exists() else 0; d=Path("/run/lifecycle.log").read_bytes(); sys.stdout.buffer.write(d[n:]); p.write_text(str(len(d)))'; s=$?; printf '\nCONTROL_%s status=%s uid=%s boot=%s\n' c336fc89ebe8f4f6bf55de49 "$s" "$(id -u)" "$(cat /proc/sys/kernel/random/boot_id)"
LIFECYCLE {"kind": "progress", "elapsed": 304.396, "value": {"active": [{"pid": "231", "cmd": "make results "}, {"pid": "234", "cmd": "/nix/store/16yz6y5x986j1qrb08c9bgbywdy5l9s7-rpcbind-riscv64-unknown-linux-gnu-1.2.6/bin/rpcbind -f "}, {"pid": "235", "cmd": "/nix/store/9plg9b18x3jmzjnh6vzxdpzgcw31mind-gnumake-riscv64-unknown-linux-gnu-4.4.1/bin/make --no-print-directory -f Makefile -o lmbench OS=riscv64-unknown-linux-gnu results "}, {"pid": "1099", "cmd": "bw_file_rd -P 1 2k open2close /opt/lmbench/asterinas-runs/run-96u_tqc0/fs/XXX "}]}}

CONTROL_c336fc89ebe8f4f6bf55de49 status=0 uid=0 boot=fcf07b47-2b5d-4771-b4ae-17770cc41be6
root@asterinas-debug:/# python3 -c 'from pathlib import Path; import sys; p=Path("/run/lifecycle.offset"); n=int(p.read_text()) if p.exists() else 0; d=Path("/run/lifecycle.log").read_bytes(); sys.stdout.buffer.write(d[n:]); p.write_text(str(len(d)))'; s=$?; printf '\nCONTROL_%s status=%s uid=%s boot=%s\n' 0593a6b4281426c3ede00b8b "$s" "$(id -u)" "$(cat /proc/sys/kernel/random/boot_id)"

CONTROL_0593a6b4281426c3ede00b8b status=0 uid=0 boot=fcf07b47-2b5d-4771-b4ae-17770cc41be6
root@asterinas-debug:/# python3 -c 'from pathlib import Path; import sys; p=Path("/run/lifecycle.offset"); n=int(p.read_text()) if p.exists() else 0; d=Path("/run/lifecycle.log").read_bytes(); sys.stdout.buffer.write(d[n:]); p.write_text(str(len(d)))'; s=$?; printf '\nCONTROL_%s status=%s uid=%s boot=%s\n' c01a4e337b7f446b2b2e6a01 "$s" "$(id -u)" "$(cat /proc/sys/kernel/random/boot_id)"

CONTROL_c01a4e337b7f446b2b2e6a01 status=0 uid=0 boot=fcf07b47-2b5d-4771-b4ae-17770cc41be6
root@asterinas-debug:/# python3 -c 'from pathlib import Path; import sys; p=Path("/run/lifecycle.offset"); n=int(p.read_text()) if p.exists() else 0; d=Path("/run/lifecycle.log").read_bytes(); sys.stdout.buffer.write(d[n:]); p.write_text(str(len(d)))'; s=$?; printf '\nCONTROL_%s status=%s uid=%s boot=%s\n' 2e7ca52a6cbc45f376245828 "$s" "$(id -u)" "$(cat /proc/sys/kernel/random/boot_id)"

CONTROL_2e7ca52a6cbc45f376245828 status=0 uid=0 boot=fcf07b47-2b5d-4771-b4ae-17770cc41be6
root@asterinas-debug:/# python3 -c 'from pathlib import Path; import sys; p=Path("/run/lifecycle.offset"); n=int(p.read_text()) if p.exists() else 0; d=Path("/run/lifecycle.log").read_bytes(); sys.stdout.buffer.write(d[n:]); p.write_text(str(len(d)))'; s=$?; printf '\nCONTROL_%s status=%s uid=%s boot=%s\n' f3eee18050db9dde47e4e41d "$s" "$(id -u)" "$(cat /proc/sys/kernel/random/boot_id)"

CONTROL_f3eee18050db9dde47e4e41d status=0 uid=0 boot=fcf07b47-2b5d-4771-b4ae-17770cc41be6
root@asterinas-debug:/# python3 -c 'from pathlib import Path; import sys; p=Path("/run/lifecycle.offset"); n=int(p.read_text()) if p.exists() else 0; d=Path("/run/lifecycle.log").read_bytes(); sys.stdout.buffer.write(d[n:]); p.write_text(str(len(d)))'; s=$?; printf '\nCONTROL_%s status=%s uid=%s boot=%s\n' 069d25ce9b570f01c298d80f "$s" "$(id -u)" "$(cat /proc/sys/kernel/random/boot_id)"
LIFECYCLE {"kind": "progress", "elapsed": 314.405, "value": {"active": [{"pid": "231", "cmd": "make results "}, {"pid": "234", "cmd": "/nix/store/16yz6y5x986j1qrb08c9bgbywdy5l9s7-rpcbind-riscv64-unknown-linux-gnu-1.2.6/bin/rpcbind -f "}, {"pid": "235", "cmd": "/nix/store/9plg9b18x3jmzjnh6vzxdpzgcw31mind-gnumake-riscv64-unknown-linux-gnu-4.4.1/bin/make --no-print-directory -f Makefile -o lmbench OS=riscv64-unknown-linux-gnu results "}, {"pid": "1253", "cmd": "bw_mem -P 1 2m bcopy conflict "}, {"pid": "1254", "cmd": "bw_mem -P 1 2m bcopy conflict "}]}}

CONTROL_069d25ce9b570f01c298d80f status=0 uid=0 boot=fcf07b47-2b5d-4771-b4ae-17770cc41be6
root@asterinas-debug:/# python3 -c 'from pathlib import Path; import sys; p=Path("/run/lifecycle.offset"); n=int(p.read_text()) if p.exists() else 0; d=Path("/run/lifecycle.log").read_bytes(); sys.stdout.buffer.write(d[n:]); p.write_text(str(len(d)))'; s=$?; printf '\nCONTROL_%s status=%s uid=%s boot=%s\n' 1d9ea5c42fe155072f155682 "$s" "$(id -u)" "$(cat /proc/sys/kernel/random/boot_id)"

CONTROL_1d9ea5c42fe155072f155682 status=0 uid=0 boot=fcf07b47-2b5d-4771-b4ae-17770cc41be6
root@asterinas-debug:/# python3 -c 'from pathlib import Path; import sys; p=Path("/run/lifecycle.offset"); n=int(p.read_text()) if p.exists() else 0; d=Path("/run/lifecycle.log").read_bytes(); sys.stdout.buffer.write(d[n:]); p.write_text(str(len(d)))'; s=$?; printf '\nCONTROL_%s status=%s uid=%s boot=%s\n' 9b06a356c00497d63aec6e35 "$s" "$(id -u)" "$(cat /proc/sys/kernel/random/boot_id)"

CONTROL_9b06a356c00497d63aec6e35 status=0 uid=0 boot=fcf07b47-2b5d-4771-b4ae-17770cc41be6
root@asterinas-debug:/# python3 -c 'from pathlib import Path; import sys; p=Path("/run/lifecycle.offset"); n=int(p.read_text()) if p.exists() else 0; d=Path("/run/lifecycle.log").read_bytes(); sys.stdout.buffer.write(d[n:]); p.write_text(str(len(d)))'; s=$?; printf '\nCONTROL_%s status=%s uid=%s boot=%s\n' 99dbc22f63bc8d7e4d8c99a7 "$s" "$(id -u)" "$(cat /proc/sys/kernel/random/boot_id)"

CONTROL_99dbc22f63bc8d7e4d8c99a7 status=0 uid=0 boot=fcf07b47-2b5d-4771-b4ae-17770cc41be6
root@asterinas-debug:/# python3 -c 'from pathlib import Path; import sys; p=Path("/run/lifecycle.offset"); n=int(p.read_text()) if p.exists() else 0; d=Path("/run/lifecycle.log").read_bytes(); sys.stdout.buffer.write(d[n:]); p.write_text(str(len(d)))'; s=$?; printf '\nCONTROL_%s status=%s uid=%s boot=%s\n' 56fa6d01b94024f8a26d9d78 "$s" "$(id -u)" "$(cat /proc/sys/kernel/random/boot_id)"
LIFECYCLE {"kind": "progress", "elapsed": 324.419, "value": {"active": [{"pid": "231", "cmd": "make results "}, {"pid": "234", "cmd": "/nix/store/16yz6y5x986j1qrb08c9bgbywdy5l9s7-rpcbind-riscv64-unknown-linux-gnu-1.2.6/bin/rpcbind -f "}, {"pid": "235", "cmd": "/nix/store/9plg9b18x3jmzjnh6vzxdpzgcw31mind-gnumake-riscv64-unknown-linux-gnu-4.4.1/bin/make --no-print-directory -f Makefile -o lmbench OS=riscv64-unknown-linux-gnu results "}]}}

CONTROL_56fa6d01b94024f8a26d9d78 status=0 uid=0 boot=fcf07b47-2b5d-4771-b4ae-17770cc41be6
root@asterinas-debug:/# python3 -c 'from pathlib import Path; import sys; p=Path("/run/lifecycle.offset"); n=int(p.read_text()) if p.exists() else 0; d=Path("/run/lifecycle.log").read_bytes(); sys.stdout.buffer.write(d[n:]); p.write_text(str(len(d)))'; s=$?; printf '\nCONTROL_%s status=%s uid=%s boot=%s\n' b2e8fe121a19205748514603 "$s" "$(id -u)" "$(cat /proc/sys/kernel/random/boot_id)"

CONTROL_b2e8fe121a19205748514603 status=0 uid=0 boot=fcf07b47-2b5d-4771-b4ae-17770cc41be6
root@asterinas-debug:/# python3 -c 'from pathlib import Path; import sys; p=Path("/run/lifecycle.offset"); n=int(p.read_text()) if p.exists() else 0; d=Path("/run/lifecycle.log").read_bytes(); sys.stdout.buffer.write(d[n:]); p.write_text(str(len(d)))'; s=$?; printf '\nCONTROL_%s status=%s uid=%s boot=%s\n' 1857d5239d9ad9867b2b11e4 "$s" "$(id -u)" "$(cat /proc/sys/kernel/random/boot_id)"

CONTROL_1857d5239d9ad9867b2b11e4 status=0 uid=0 boot=fcf07b47-2b5d-4771-b4ae-17770cc41be6
root@asterinas-debug:/# python3 -c 'from pathlib import Path; import sys; p=Path("/run/lifecycle.offset"); n=int(p.read_text()) if p.exists() else 0; d=Path("/run/lifecycle.log").read_bytes(); sys.stdout.buffer.write(d[n:]); p.write_text(str(len(d)))'; s=$?; printf '\nCONTROL_%s status=%s uid=%s boot=%s\n' cb273cb1244e9a24996a7744 "$s" "$(id -u)" "$(cat /proc/sys/kernel/random/boot_id)"

CONTROL_cb273cb1244e9a24996a7744 status=0 uid=0 boot=fcf07b47-2b5d-4771-b4ae-17770cc41be6
root@asterinas-debug:/# python3 -c 'from pathlib import Path; import sys; p=Path("/run/lifecycle.offset"); n=int(p.read_text()) if p.exists() else 0; d=Path("/run/lifecycle.log").read_bytes(); sys.stdout.buffer.write(d[n:]); p.write_text(str(len(d)))'; s=$?; printf '\nCONTROL_%s status=%s uid=%s boot=%s\n' 4868a3a690a6a96cd31c30e8 "$s" "$(id -u)" "$(cat /proc/sys/kernel/random/boot_id)"
LIFECYCLE {"kind": "progress", "elapsed": 334.434, "value": {"active": [{"pid": "231", "cmd": "make results "}, {"pid": "234", "cmd": "/nix/store/16yz6y5x986j1qrb08c9bgbywdy5l9s7-rpcbind-riscv64-unknown-linux-gnu-1.2.6/bin/rpcbind -f "}, {"pid": "235", "cmd": "/nix/store/9plg9b18x3jmzjnh6vzxdpzgcw31mind-gnumake-riscv64-unknown-linux-gnu-4.4.1/bin/make --no-print-directory -f Makefile -o lmbench OS=riscv64-unknown-linux-gnu results "}, {"pid": "1767", "cmd": "lat_ctx -P 1 -s 4 2 4 8 16 24 32 64 96 "}, {"pid": "1768", "cmd": "lat_ctx -P 1 -s 4 2 4 8 16 24 32 64 96 "}]}}

CONTROL_4868a3a690a6a96cd31c30e8 status=0 uid=0 boot=fcf07b47-2b5d-4771-b4ae-17770cc41be6
root@asterinas-debug:/# python3 -c 'from pathlib import Path; import sys; p=Path("/run/lifecycle.offset"); n=int(p.read_text()) if p.exists() else 0; d=Path("/run/lifecycle.log").read_bytes(); sys.stdout.buffer.write(d[n:]); p.write_text(str(len(d)))'; s=$?; printf '\nCONTROL_%s status=%s uid=%s boot=%s\n' 4e899f2f8ffaffc604ae19cf "$s" "$(id -u)" "$(cat /proc/sys/kernel/random/boot_id)"

CONTROL_4e899f2f8ffaffc604ae19cf status=0 uid=0 boot=fcf07b47-2b5d-4771-b4ae-17770cc41be6
root@asterinas-debug:/# python3 -c 'from pathlib import Path; import sys; p=Path("/run/lifecycle.offset"); n=int(p.read_text()) if p.exists() else 0; d=Path("/run/lifecycle.log").read_bytes(); sys.stdout.buffer.write(d[n:]); p.write_text(str(len(d)))'; s=$?; printf '\nCONTROL_%s status=%s uid=%s boot=%s\n' 83485e186dab105764deca6e "$s" "$(id -u)" "$(cat /proc/sys/kernel/random/boot_id)"

CONTROL_83485e186dab105764deca6e status=0 uid=0 boot=fcf07b47-2b5d-4771-b4ae-17770cc41be6
root@asterinas-debug:/# python3 -c 'from pathlib import Path; import sys; p=Path("/run/lifecycle.offset"); n=int(p.read_text()) if p.exists() else 0; d=Path("/run/lifecycle.log").read_bytes(); sys.stdout.buffer.write(d[n:]); p.write_text(str(len(d)))'; s=$?; printf '\nCONTROL_%s status=%s uid=%s boot=%s\n' 879fc86771fea1a845b974ad "$s" "$(id -u)" "$(cat /proc/sys/kernel/random/boot_id)"

CONTROL_879fc86771fea1a845b974ad status=0 uid=0 boot=fcf07b47-2b5d-4771-b4ae-17770cc41be6
root@asterinas-debug:/# python3 -c 'from pathlib import Path; import sys; p=Path("/run/lifecycle.offset"); n=int(p.read_text()) if p.exists() else 0; d=Path("/run/lifecycle.log").read_bytes(); sys.stdout.buffer.write(d[n:]); p.write_text(str(len(d)))'; s=$?; printf '\nCONTROL_%s status=%s uid=%s boot=%s\n' 31b6cc64c6de6139891d12c7 "$s" "$(id -u)" "$(cat /proc/sys/kernel/random/boot_id)"

CONTROL_31b6cc64c6de6139891d12c7 status=0 uid=0 boot=fcf07b47-2b5d-4771-b4ae-17770cc41be6
root@asterinas-debug:/# python3 -c 'from pathlib import Path; import sys; p=Path("/run/lifecycle.offset"); n=int(p.read_text()) if p.exists() else 0; d=Path("/run/lifecycle.log").read_bytes(); sys.stdout.buffer.write(d[n:]); p.write_text(str(len(d)))'; s=$?; printf '\nCONTROL_%s status=%s uid=%s boot=%s\n' cba5a932d7f27ae91b99d9d4 "$s" "$(id -u)" "$(cat /proc/sys/kernel/random/boot_id)"
LIFECYCLE {"kind": "progress", "elapsed": 344.457, "value": {"active": [{"pid": "231", "cmd": "make results "}, {"pid": "234", "cmd": "/nix/store/16yz6y5x986j1qrb08c9bgbywdy5l9s7-rpcbind-riscv64-unknown-linux-gnu-1.2.6/bin/rpcbind -f "}, {"pid": "235", "cmd": "/nix/store/9plg9b18x3jmzjnh6vzxdpzgcw31mind-gnumake-riscv64-unknown-linux-gnu-4.4.1/bin/make --no-print-directory -f Makefile -o lmbench OS=riscv64-unknown-linux-gnu results "}, {"pid": "2771", "cmd": "lat_ctx -P 1 -s 64 2 4 8 16 24 32 64 96 "}, {"pid": "2790", "cmd": "lat_ctx -P 1 -s 64 2 4 8 16 24 32 64 96 "}, {"pid": "2791", "cmd": "lat_ctx -P 1 -s 64 2 4 8 16 24 32 64 96 "}, {"pid": "2792", "cmd": "lat_ctx -P 1 -s 64 2 4 8 16 24 32 64 96 "}, {"pid": "2793", "cmd": "lat_ctx -P 1 -s 64 2 4 8 16 24 32 64 96 "}, {"pid": "2794", "cmd": "lat_ctx -P 1 -s 64 2 4 8 16 24 32 64 96 "}, {"pid": "2795", "cmd": "lat_ctx -P 1 -s 64 2 4 8 16 24 32 64 96 "}, {"pid": "2796", "cmd": "lat_ctx -P 1 -s 64 2 4 8 16 24 32 64 96 "}, {"pid": "2797", "cmd": "lat_ctx -P 1 -s 64 2 4 8 16 24 32 64 96 "}, {"pid": "2798", "cmd": "lat_ctx -P 1 -s 64 2 4 8 16 24 32 64 96 "}, {"pid": "2799", "cmd": "lat_ctx -P 1 -s 64 2 4 8 16 24 32 64 96 "}, {"pid": "2800", "cmd": "lat_ctx -P 1 -s 64 2 4 8 16 24 32 64 96 "}, {"pid": "2801", "cmd": "lat_ctx -P 1 -s 64 2 4 8 16 24 32 64 96 "}, {"pid": "2802", "cmd": "lat_ctx -P 1 -s 64 2 4 8 16 24 32 64 96 "}, {"pid": "2803", "cmd": "lat_ctx -P 1 -s 64 2 4 8 16 24 32 64 96 "}, {"pid": "2804", "cmd": "lat_ctx -P 1 -s 64 2 4 8 16 24 32 64 96 "}, {"pid": "2805", "cmd": "lat_ctx -P 1 -s 64 2 4 8 16 24 32 64 96 "}]}}

CONTROL_cba5a932d7f27ae91b99d9d4 status=0 uid=0 boot=fcf07b47-2b5d-4771-b4ae-17770cc41be6
root@asterinas-debug:/# python3 -c 'from pathlib import Path; import sys; p=Path("/run/lifecycle.offset"); n=int(p.read_text()) if p.exists() else 0; d=Path("/run/lifecycle.log").read_bytes(); sys.stdout.buffer.write(d[n:]); p.write_text(str(len(d)))'; s=$?; printf '\nCONTROL_%s status=%s uid=%s boot=%s\n' f176616c19416ea28f30bda1 "$s" "$(id -u)" "$(cat /proc/sys/kernel/random/boot_id)"

CONTROL_f176616c19416ea28f30bda1 status=0 uid=0 boot=fcf07b47-2b5d-4771-b4ae-17770cc41be6
root@asterinas-debug:/# python3 -c 'from pathlib import Path; import sys; p=Path("/run/lifecycle.offset"); n=int(p.read_text()) if p.exists() else 0; d=Path("/run/lifecycle.log").read_bytes(); sys.stdout.buffer.write(d[n:]); p.write_text(str(len(d)))'; s=$?; printf '\nCONTROL_%s status=%s uid=%s boot=%s\n' d978a269aaf2a205156e8dd7 "$s" "$(id -u)" "$(cat /proc/sys/kernel/random/boot_id)"

CONTROL_d978a269aaf2a205156e8dd7 status=0 uid=0 boot=fcf07b47-2b5d-4771-b4ae-17770cc41be6
root@asterinas-debug:/# python3 -c 'from pathlib import Path; import sys; p=Path("/run/lifecycle.offset"); n=int(p.read_text()) if p.exists() else 0; d=Path("/run/lifecycle.log").read_bytes(); sys.stdout.buffer.write(d[n:]); p.write_text(str(len(d)))'; s=$?; printf '\nCONTROL_%s status=%s uid=%s boot=%s\n' 2608c05e423bf883abbad34b "$s" "$(id -u)" "$(cat /proc/sys/kernel/random/boot_id)"

CONTROL_2608c05e423bf883abbad34b status=0 uid=0 boot=fcf07b47-2b5d-4771-b4ae-17770cc41be6
root@asterinas-debug:/# python3 -c 'from pathlib import Path; import sys; p=Path("/run/lifecycle.offset"); n=int(p.read_text()) if p.exists() else 0; d=Path("/run/lifecycle.log").read_bytes(); sys.stdout.buffer.write(d[n:]); p.write_text(str(len(d)))'; s=$?; printf '\nCONTROL_%s status=%s uid=%s boot=%s\n' aa23949b9ec2e58d57447434 "$s" "$(id -u)" "$(cat /proc/sys/kernel/random/boot_id)"
LIFECYCLE {"kind": "progress", "elapsed": 354.514, "value": {"active": [{"pid": "231", "cmd": "make results "}, {"pid": "234", "cmd": "/nix/store/16yz6y5x986j1qrb08c9bgbywdy5l9s7-rpcbind-riscv64-unknown-linux-gnu-1.2.6/bin/rpcbind -f "}, {"pid": "235", "cmd": "/nix/store/9plg9b18x3jmzjnh6vzxdpzgcw31mind-gnumake-riscv64-unknown-linux-gnu-4.4.1/bin/make --no-print-directory -f Makefile -o lmbench OS=riscv64-unknown-linux-gnu results "}, {"pid": "3033", "cmd": "par_mem -L 64 -M 8M "}]}}

CONTROL_aa23949b9ec2e58d57447434 status=0 uid=0 boot=fcf07b47-2b5d-4771-b4ae-17770cc41be6
root@asterinas-debug:/# python3 -c 'from pathlib import Path; import sys; p=Path("/run/lifecycle.offset"); n=int(p.read_text()) if p.exists() else 0; d=Path("/run/lifecycle.log").read_bytes(); sys.stdout.buffer.write(d[n:]); p.write_text(str(len(d)))'; s=$?; printf '\nCONTROL_%s status=%s uid=%s boot=%s\n' bc90d667f8b0d8ffe2319e67 "$s" "$(id -u)" "$(cat /proc/sys/kernel/random/boot_id)"

CONTROL_bc90d667f8b0d8ffe2319e67 status=0 uid=0 boot=fcf07b47-2b5d-4771-b4ae-17770cc41be6
root@asterinas-debug:/# python3 -c 'from pathlib import Path; import sys; p=Path("/run/lifecycle.offset"); n=int(p.read_text()) if p.exists() else 0; d=Path("/run/lifecycle.log").read_bytes(); sys.stdout.buffer.write(d[n:]); p.write_text(str(len(d)))'; s=$?; printf '\nCONTROL_%s status=%s uid=%s boot=%s\n' 3c31decc74340870d6c3d515 "$s" "$(id -u)" "$(cat /proc/sys/kernel/random/boot_id)"

CONTROL_3c31decc74340870d6c3d515 status=0 uid=0 boot=fcf07b47-2b5d-4771-b4ae-17770cc41be6
root@asterinas-debug:/# python3 -c 'from pathlib import Path; import sys; p=Path("/run/lifecycle.offset"); n=int(p.read_text()) if p.exists() else 0; d=Path("/run/lifecycle.log").read_bytes(); sys.stdout.buffer.write(d[n:]); p.write_text(str(len(d)))'; s=$?; printf '\nCONTROL_%s status=%s uid=%s boot=%s\n' 455c708aedd667496a019b7a "$s" "$(id -u)" "$(cat /proc/sys/kernel/random/boot_id)"

CONTROL_455c708aedd667496a019b7a status=0 uid=0 boot=fcf07b47-2b5d-4771-b4ae-17770cc41be6
root@asterinas-debug:/# python3 -c 'from pathlib import Path; import sys; p=Path("/run/lifecycle.offset"); n=int(p.read_text()) if p.exists() else 0; d=Path("/run/lifecycle.log").read_bytes(); sys.stdout.buffer.write(d[n:]); p.write_text(str(len(d)))'; s=$?; printf '\nCONTROL_%s status=%s uid=%s boot=%s\n' 95993cbba7b07872f80f6a31 "$s" "$(id -u)" "$(cat /proc/sys/kernel/random/boot_id)"
LIFECYCLE {"kind": "progress", "elapsed": 364.526, "value": {"active": [{"pid": "231", "cmd": "make results "}, {"pid": "234", "cmd": "/nix/store/16yz6y5x986j1qrb08c9bgbywdy5l9s7-rpcbind-riscv64-unknown-linux-gnu-1.2.6/bin/rpcbind -f "}, {"pid": "235", "cmd": "/nix/store/9plg9b18x3jmzjnh6vzxdpzgcw31mind-gnumake-riscv64-unknown-linux-gnu-4.4.1/bin/make --no-print-directory -f Makefile -o lmbench OS=riscv64-unknown-linux-gnu results "}, {"pid": "3033", "cmd": "par_mem -L 64 -M 8M "}]}}

CONTROL_95993cbba7b07872f80f6a31 status=0 uid=0 boot=fcf07b47-2b5d-4771-b4ae-17770cc41be6
root@asterinas-debug:/# python3 -c 'from pathlib import Path; import sys; p=Path("/run/lifecycle.offset"); n=int(p.read_text()) if p.exists() else 0; d=Path("/run/lifecycle.log").read_bytes(); sys.stdout.buffer.write(d[n:]); p.write_text(str(len(d)))'; s=$?; printf '\nCONTROL_%s status=%s uid=%s boot=%s\n' c4850e280147ce77b3bb21c4 "$s" "$(id -u)" "$(cat /proc/sys/kernel/random/boot_id)"

CONTROL_c4850e280147ce77b3bb21c4 status=0 uid=0 boot=fcf07b47-2b5d-4771-b4ae-17770cc41be6
root@asterinas-debug:/# python3 -c 'from pathlib import Path; import sys; p=Path("/run/lifecycle.offset"); n=int(p.read_text()) if p.exists() else 0; d=Path("/run/lifecycle.log").read_bytes(); sys.stdout.buffer.write(d[n:]); p.write_text(str(len(d)))'; s=$?; printf '\nCONTROL_%s status=%s uid=%s boot=%s\n' a1a1ac319b56532d7ea658fc "$s" "$(id -u)" "$(cat /proc/sys/kernel/random/boot_id)"

CONTROL_a1a1ac319b56532d7ea658fc status=0 uid=0 boot=fcf07b47-2b5d-4771-b4ae-17770cc41be6
root@asterinas-debug:/# python3 -c 'from pathlib import Path; import sys; p=Path("/run/lifecycle.offset"); n=int(p.read_text()) if p.exists() else 0; d=Path("/run/lifecycle.log").read_bytes(); sys.stdout.buffer.write(d[n:]); p.write_text(str(len(d)))'; s=$?; printf '\nCONTROL_%s status=%s uid=%s boot=%s\n' 287c8ffa3a7ac755ffbbc76a "$s" "$(id -u)" "$(cat /proc/sys/kernel/random/boot_id)"

CONTROL_287c8ffa3a7ac755ffbbc76a status=0 uid=0 boot=fcf07b47-2b5d-4771-b4ae-17770cc41be6
root@asterinas-debug:/# python3 -c 'from pathlib import Path; import sys; p=Path("/run/lifecycle.offset"); n=int(p.read_text()) if p.exists() else 0; d=Path("/run/lifecycle.log").read_bytes(); sys.stdout.buffer.write(d[n:]); p.write_text(str(len(d)))'; s=$?; printf '\nCONTROL_%s status=%s uid=%s boot=%s\n' caca06ea32b11aa86ee60cae "$s" "$(id -u)" "$(cat /proc/sys/kernel/random/boot_id)"
LIFECYCLE {"kind": "progress", "elapsed": 374.539, "value": {"active": [{"pid": "231", "cmd": "make results "}, {"pid": "234", "cmd": "/nix/store/16yz6y5x986j1qrb08c9bgbywdy5l9s7-rpcbind-riscv64-unknown-linux-gnu-1.2.6/bin/rpcbind -f "}, {"pid": "235", "cmd": "/nix/store/9plg9b18x3jmzjnh6vzxdpzgcw31mind-gnumake-riscv64-unknown-linux-gnu-4.4.1/bin/make --no-print-directory -f Makefile -o lmbench OS=riscv64-unknown-linux-gnu results "}, {"pid": "3033", "cmd": "par_mem -L 64 -M 8M "}]}}

CONTROL_caca06ea32b11aa86ee60cae status=0 uid=0 boot=fcf07b47-2b5d-4771-b4ae-17770cc41be6
root@asterinas-debug:/# python3 -c 'from pathlib import Path; import sys; p=Path("/run/lifecycle.offset"); n=int(p.read_text()) if p.exists() else 0; d=Path("/run/lifecycle.log").read_bytes(); sys.stdout.buffer.write(d[n:]); p.write_text(str(len(d)))'; s=$?; printf '\nCONTROL_%s status=%s uid=%s boot=%s\n' 3afe8b47263271d46ac548e2 "$s" "$(id -u)" "$(cat /proc/sys/kernel/random/boot_id)"

CONTROL_3afe8b47263271d46ac548e2 status=0 uid=0 boot=fcf07b47-2b5d-4771-b4ae-17770cc41be6
root@asterinas-debug:/# python3 -c 'from pathlib import Path; import sys; p=Path("/run/lifecycle.offset"); n=int(p.read_text()) if p.exists() else 0; d=Path("/run/lifecycle.log").read_bytes(); sys.stdout.buffer.write(d[n:]); p.write_text(st r(len(d)))'; s=$?; printf '\nCONTROL_%s status=%s uid=%s boot=%s\n' 5e5b418ce3f82ae2227460b5 "$s" "$(id -u)" "$(cat /proc/sys/kernel/random/boot_id)"

CONTROL_5e5b418ce3f82ae2227460b5 status=0 uid=0 boot=fcf07b47-2b5d-4771-b4ae-17770cc41be6
root@asterinas-debug:/# python3 -c 'from pathlib import Path; import sys; p=Path("/run/lifecycle.offset"); n=int(p.read_text()) if p.exists() else 0; d=Path("/run/lifecycle.log").read_bytes(); sys.stdout.buffer.write(d[n:]); p.write_text(str(len(d)))'; s=$?; printf '\nCONTROL_%s status=%s uid=%s boot=%s\n' 0fe0ad2b7e882717408aaec9 "$s" "$(id -u)" "$(cat /proc/sys/kernel/random/boot_id)"

CONTROL_0fe0ad2b7e882717408aaec9 status=0 uid=0 boot=fcf07b47-2b5d-4771-b4ae-17770cc41be6
root@asterinas-debug:/# python3 -c 'from pathlib import Path; import sys; p=Path("/run/lifecycle.offset"); n=int(p.read_text()) if p.exists() else 0; d=Path("/run/lifecycle.log").read_bytes(); sys.stdout.buffer.write(d[n:]); p.write_text(str(len(d)))'; s=$?; printf '\nCONTROL_%s status=%s uid=%s boot=%s\n' 766332c814500bb628f3530e "$s" "$(id -u)" "$(cat /proc/sys/kernel/random/boot_id)"

CONTROL_766332c814500bb628f3530e status=0 uid=0 boot=fcf07b47-2b5d-4771-b4ae-17770cc41be6
root@asterinas-debug:/# python3 -c 'from pathlib import Path; import sys; p=Path("/run/lifecycle.offset"); n=int(p.read_text()) if p.exists() else 0; d=Path("/run/lifecycle.log").read_bytes(); sys.stdout.buffer.write(d[n:]); p.write_text(str(len(d)))'; s=$?; printf '\nCONTROL_%s status=%s uid=%s boot=%s\n' 64e31850625aa52cb8990264 "$s" "$(id -u)" "$(cat /proc/sys/kernel/random/boot_id)"
LIFECYCLE {"kind": "progress", "elapsed": 384.56, "value": {"active": [{"pid": "231", "cmd": "make results "}, {"pid": "234", "cmd": "/nix/store/16yz6y5x986j1qrb08c9bgbywdy5l9s7-rpcbind-riscv64-unknown-linux-gnu-1.2.6/bin/rpcbind -f "}, {"pid": "235", "cmd": "/nix/store/9plg9b18x3jmzjnh6vzxdpzgcw31mind-gnumake-riscv64-unknown-linux-gnu-4.4.1/bin/make --no-print-directory -f Makefile -o lmbench OS=riscv64-unknown-linux-gnu results "}, {"pid": "3090", "cmd": "lat_mem_rd -P 1 8 128 "}, {"pid": "3096", "cmd": "lat_mem_rd -P 1 8 128 "}]}}

CONTROL_64e31850625aa52cb8990264 status=0 uid=0 boot=fcf07b47-2b5d-4771-b4ae-17770cc41be6
root@asterinas-debug:/# python3 -c 'from pathlib import Path; import sys; p=Path("/run/lifecycle.offset"); n=int(p.read_text()) if p.exists() else 0; d=Path("/run/lifecycle.log").read_bytes(); sys.stdout.buffer.write(d[n:]); p.write_text(str(len(d)))'; s=$?; printf '\nCONTROL_%s status=%s uid=%s boot=%s\n' 8f9bdbf38b0da3c022fcb9d9 "$s" "$(id -u)" "$(cat /proc/sys/kernel/random/boot_id)"

CONTROL_8f9bdbf38b0da3c022fcb9d9 status=0 uid=0 boot=fcf07b47-2b5d-4771-b4ae-17770cc41be6
root@asterinas-debug:/# python3 -c 'from pathlib import Path; import sys; p=Path("/run/lifecycle.offset"); n=int(p.read_text()) if p.exists() else 0; d=Path("/run/lifecycle.log").read_bytes(); sys.stdout.buffer.write(d[n:]); p.write_text(str(len(d)))'; s=$?; printf '\nCONTROL_%s status=%s uid=%s boot=%s\n' 3b9f19684f866c35421d6da2 "$s" "$(id -u)" "$(cat /proc/sys/kernel/random/boot_id)"

CONTROL_3b9f19684f866c35421d6da2 status=0 uid=0 boot=fcf07b47-2b5d-4771-b4ae-17770cc41be6
root@asterinas-debug:/# python3 -c 'from pathlib import Path; import sys; p=Path("/run/lifecycle.offset"); n=int(p.read_text()) if p.exists() else 0; d=Path("/run/lifecycle.log").read_bytes(); sys.stdout.buffer.write(d[n:]); p.write_text(str(len(d)))'; s=$?; printf '\nCONTROL_%s status=%s uid=%s boot=%s\n' 38964348457e714996767565 "$s" "$(id -u)" "$(cat /proc/sys/kernel/random/boot_id)"

CONTROL_38964348457e714996767565 status=0 uid=0 boot=fcf07b47-2b5d-4771-b4ae-17770cc41be6
root@asterinas-debug:/# python3 -c 'from pathlib import Path; import sys; p=Path("/run/lifecycle.offset"); n=int(p.read_text()) if p.exists() else 0; d=Path("/run/lifecycle.log").read_bytes(); sys.stdout.buffer.write(d[n:]); p.write_text(str(len(d)))'; s=$?; printf '\nCONTROL_%s status=%s uid=%s boot=%s\n' e68e323e774588196eaa9d41 "$s" "$(id -u)" "$(cat /proc/sys/kernel/random/boot_id)"
LIFECYCLE {"kind": "progress", "elapsed": 394.581, "value": {"active": [{"pid": "231", "cmd": "make results "}, {"pid": "234", "cmd": "/nix/store/16yz6y5x986j1qrb08c9bgbywdy5l9s7-rpcbind-riscv64-unknown-linux-gnu-1.2.6/bin/rpcbind -f "}, {"pid": "235", "cmd": "/nix/store/9plg9b18x3jmzjnh6vzxdpzgcw31mind-gnumake-riscv64-unknown-linux-gnu-4.4.1/bin/make --no-print-directory -f Makefile -o lmbench OS=riscv64-unknown-linux-gnu results "}, {"pid": "3090", "cmd": "lat_mem_rd -P 1 8 128 "}, {"pid": "3116", "cmd": "lat_mem_rd -P 1 8 128 "}]}}

CONTROL_e68e323e774588196eaa9d41 status=0 uid=0 boot=fcf07b47-2b5d-4771-b4ae-17770cc41be6
root@asterinas-debug:/# python3 -c 'from pathlib import Path; import sys; p=Path("/run/lifecycle.offset"); n=int(p.read_text()) if p.exists() else 0; d=Path("/run/lifecycle.log").read_bytes(); sys.stdout.buffer.write(d[n:]); p.write_text(str(len(d)))'; s=$?; printf '\nCONTROL_%s status=%s uid=%s boot=%s\n' 2123475bc37bf0e9108c364b "$s" "$(id -u)" "$(cat /proc/sys/kernel/random/boot_id)"

CONTROL_2123475bc37bf0e9108c364b status=0 uid=0 boot=fcf07b47-2b5d-4771-b4ae-17770cc41be6
root@asterinas-debug:/# python3 -c 'from pathlib import Path; import sys; p=Path("/run/lifecycle.offset"); n=int(p.read_text()) if p.exists() else 0; d=Path("/run/lifecycle.log").read_bytes(); sys.stdout.buffer.write(d[n:]); p.write_text(str(len(d)))'; s=$?; printf '\nCONTROL_%s status=%s uid=%s boot=%s\n' f7d4789b1249c841caed127d "$s" "$(id -u)" "$(cat /proc/sys/kernel/random/boot_id)"

CONTROL_f7d4789b1249c841caed127d status=0 uid=0 boot=fcf07b47-2b5d-4771-b4ae-17770cc41be6
root@asterinas-debug:/# python3 -c 'from pathlib import Path; import sys; p=Path("/run/lifecycle.offset"); n=int(p.read_text()) if p.exists() else 0; d=Path("/run/lifecycle.log").read_bytes(); sys.stdout.buffer.write(d[n:]); p.write_text(str(len(d)))'; s=$?; printf '\nCONTROL_%s status=%s uid=%s boot=%s\n' 5b45a56c16b0d7d175b41f73 "$s" "$(id -u)" "$(cat /proc/sys/kernel/random/boot_id)"

CONTROL_5b45a56c16b0d7d175b41f73 status=0 uid=0 boot=fcf07b47-2b5d-4771-b4ae-17770cc41be6
root@asterinas-debug:/# python3 -c 'from pathlib import Path; import sys; p=Path("/run/lifecycle.offset"); n=int(p.read_text()) if p.exists() else 0; d=Path("/run/lifecycle.log").read_bytes(); sys.stdout.buffer.write(d[n:]); p.write_text(str(len(d)))'; s=$?; printf '\nCONTROL_%s status=%s uid=%s boot=%s\n' 193a095109506f38da64d668 "$s" "$(id -u)" "$(cat /proc/sys/kernel/random/boot_id)"
LIFECYCLE {"kind": "progress", "elapsed": 404.595, "value": {"active": [{"pid": "231", "cmd": "make results "}, {"pid": "234", "cmd": "/nix/store/16yz6y5x986j1qrb08c9bgbywdy5l9s7-rpcbind-riscv64-unknown-linux-gnu-1.2.6/bin/rpcbind -f "}, {"pid": "235", "cmd": "/nix/store/9plg9b18x3jmzjnh6vzxdpzgcw31mind-gnumake-riscv64-unknown-linux-gnu-4.4.1/bin/make --no-print-directory -f Makefile -o lmbench OS=riscv64-unknown-linux-gnu results "}, {"pid": "3090", "cmd": "lat_mem_rd -P 1 8 128 "}, {"pid": "3136", "cmd": "lat_mem_rd -P 1 8 128 "}]}}

CONTROL_193a095109506f38da64d668 status=0 uid=0 boot=fcf07b47-2b5d-4771-b4ae-17770cc41be6
root@asterinas-debug:/# python3 -c 'from pathlib import Path; import sys; p=Path("/run/lifecycle.offset"); n=int(p.read_text()) if p.exists() else 0; d=Path("/run/lifecycle.log").read_bytes(); sys.stdout.buffer.write(d[n:]); p.write_text(str(len(d)))'; s=$?; printf '\nCONTROL_%s status=%s uid=%s boot=%s\n' 07f4c3cda772b88eee0b0c7c "$s" "$(id -u)" "$(cat /proc/sys/kernel/random/boot_id)"

CONTROL_07f4c3cda772b88eee0b0c7c status=0 uid=0 boot=fcf07b47-2b5d-4771-b4ae-17770cc41be6
root@asterinas-debug:/# python3 -c 'from pathlib import Path; import sys; p=Path("/run/lifecycle.offset"); n=int(p.read_text()) if p.exists() else 0; d=Path("/run/lifecycle.log").read_bytes(); sys.stdout.buffer.write(d[n:]); p.write_text(str(len(d)))'; s=$?; printf '\nCONTROL_%s status=%s uid=%s boot=%s\n' d6ba573243626e21a6b3e5cf "$s" "$(id -u)" "$(cat /proc/sys/kernel/random/boot_id)"

CONTROL_d6ba573243626e21a6b3e5cf status=0 uid=0 boot=fcf07b47-2b5d-4771-b4ae-17770cc41be6
root@asterinas-debug:/# python3 -c 'from pathlib import Path; import sys; p=Path("/run/lifecycle.offset"); n=int(p.read_text()) if p.exists() else 0; d=Path("/run/lifecycle.log").read_bytes(); sys.stdout.buffer.write(d[n:]); p.write_text(str(len(d)))'; s=$?; printf '\nCONTROL_%s status=%s uid=%s boot=%s\n' 53bb4155b5a8527f77b71aad "$s" "$(id -u)" "$(cat /proc/sys/kernel/random/boot_id)"

CONTROL_53bb4155b5a8527f77b71aad status=0 uid=0 boot=fcf07b47-2b5d-4771-b4ae-17770cc41be6
root@asterinas-debug:/# python3 -c 'from pathlib import Path; import sys; p=Path("/run/lifecycle.offset"); n=int(p.read_text()) if p.exists() else 0; d=Path("/run/lifecycle.log").read_bytes(); sys.stdout.buffer.write(d[n:]); p.write_text(str(len(d)))'; s=$?; printf '\nCONTROL_%s status=%s uid=%s boot=%s\n' 52c8da0b332923dd01e31ad7 "$s" "$(id -u)" "$(cat /proc/sys/kernel/random/boot_id)"

CONTROL_52c8da0b332923dd01e31ad7 status=0 uid=0 boot=fcf07b47-2b5d-4771-b4ae-17770cc41be6
root@asterinas-debug:/# python3 -c 'from pathlib import Path; import sys; p=Path("/run/lifecycle.offset"); n=int(p.read_text()) if p.exists() else 0; d=Path("/run/lifecycle.log").read_bytes(); sys.stdout.buffer.write(d[n:]); p.write_text(str(len(d)))'; s=$?; printf '\nCONTROL_%s status=%s uid=%s boot=%s\n' ea8f45ac51ce60f30276c0d6 "$s" "$(id -u)" "$(cat /proc/sys/kernel/random/boot_id)"
LIFECYCLE {"kind": "progress", "elapsed": 414.613, "value": {"active": [{"pid": "231", "cmd": "make results "}, {"pid": "234", "cmd": "/nix/store/16yz6y5x986j1qrb08c9bgbywdy5l9s7-rpcbind-riscv64-unknown-linux-gnu-1.2.6/bin/rpcbind -f "}, {"pid": "235", "cmd": "/nix/store/9plg9b18x3jmzjnh6vzxdpzgcw31mind-gnumake-riscv64-unknown-linux-gnu-4.4.1/bin/make --no-print-directory -f Makefile -o lmbench OS=riscv64-unknown-linux-gnu results "}, {"pid": "3090", "cmd": "lat_mem_rd -P 1 8 128 "}, {"pid": "3156", "cmd": "lat_mem_rd -P 1 8 128 "}]}}

CONTROL_ea8f45ac51ce60f30276c0d6 status=0 uid=0 boot=fcf07b47-2b5d-4771-b4ae-17770cc41be6
root@asterinas-debug:/# python3 -c 'from pathlib import Path; import sys; p=Path("/run/lifecycle.offset"); n=int(p.read_text()) if p.exists() else 0; d=Path("/run/lifecycle.log").read_bytes(); sys.stdout.buffer.write(d[n:]); p.write_text(str(len(d)))'; s=$?; printf '\nCONTROL_%s status=%s uid=%s boot=%s\n' e5f8021da2ed268c8be540ea "$s" "$(id -u)" "$(cat /proc/sys/kernel/random/boot_id)"

CONTROL_e5f8021da2ed268c8be540ea status=0 uid=0 boot=fcf07b47-2b5d-4771-b4ae-17770cc41be6
root@asterinas-debug:/# python3 -c 'from pathlib import Path; import sys; p=Path("/run/lifecycle.offset"); n=int(p.read_text()) if p.exists() else 0; d=Path("/run/lifecycle.log").read_bytes(); sys.stdout.buffer.write(d[n:]); p.write_text(str(len(d)))'; s=$?; printf '\nCONTROL_%s status=%s uid=%s boot=%s\n' 6e74607e286f7b09d37fbe27 "$s" "$(id -u)" "$(cat /proc/sys/kernel/random/boot_id)"

CONTROL_6e74607e286f7b09d37fbe27 status=0 uid=0 boot=fcf07b47-2b5d-4771-b4ae-17770cc41be6
root@asterinas-debug:/# python3 -c 'from pathlib import Path; import sys; p=Path("/run/lifecycle.offset"); n=int(p.read_text()) if p.exists() else 0; d=Path("/run/lifecycle.log").read_bytes(); sys.stdout.buffer.write(d[n:]); p.write_text(str(len(d)))'; s=$?; printf '\nCONTROL_%s status=%s uid=%s boot=%s\n' 6888754739058107f7546810 "$s" "$(id -u)" "$(cat /proc/sys/kernel/random/boot_id)"

CONTROL_6888754739058107f7546810 status=0 uid=0 boot=fcf07b47-2b5d-4771-b4ae-17770cc41be6
root@asterinas-debug:/# python3 -c 'from pathlib import Path; import sys; p=Path("/run/lifecycle.offset"); n=int(p.read_text()) if p.exists() else 0; d=Path("/run/lifecycle.log").read_bytes(); sys.stdout.buffer.write(d[n:]); p.write_text(str(len(d)))'; s=$?; printf '\nCONTROL_%s status=%s uid=%s boot=%s\n' 0faabd5d0a2c2c5bae701997 "$s" "$(id -u)" "$(cat /proc/sys/kernel/random/boot_id)"
LIFECYCLE {"kind": "progress", "elapsed": 424.628, "value": {"active": [{"pid": "231", "cmd": "make results "}, {"pid": "234", "cmd": "/nix/store/16yz6y5x986j1qrb08c9bgbywdy5l9s7-rpcbind-riscv64-unknown-linux-gnu-1.2.6/bin/rpcbind -f "}, {"pid": "235", "cmd": "/nix/store/9plg9b18x3jmzjnh6vzxdpzgcw31mind-gnumake-riscv64-unknown-linux-gnu-4.4.1/bin/make --no-print-directory -f Makefile -o lmbench OS=riscv64-unknown-linux-gnu results "}, {"pid": "3090", "cmd": "lat_mem_rd -P 1 8 128 "}, {"pid": "3180", "cmd": "lat_mem_rd -P 1 8 128 "}]}}

CONTROL_0faabd5d0a2c2c5bae701997 status=0 uid=0 boot=fcf07b47-2b5d-4771-b4ae-17770cc41be6
root@asterinas-debug:/# python3 -c 'from pathlib import Path; import sys; p=Path("/run/lifecycle.offset"); n=int(p.read_text()) if p.exists() else 0; d=Path("/run/lifecycle.log").read_bytes(); sys.stdout.buffer.write(d[n:]); p.write_text(str(len(d)))'; s=$?; printf '\nCONTROL_%s status=%s uid=%s boot=%s\n' 45f0db9b4d4b2c83db1353d1 "$s" "$(id -u)" "$(cat /proc/sys/kernel/random/boot_id)"

CONTROL_45f0db9b4d4b2c83db1353d1 status=0 uid=0 boot=fcf07b47-2b5d-4771-b4ae-17770cc41be6
root@asterinas-debug:/# python3 -c 'from pathlib import Path; import sys; p=Path("/run/lifecycle.offset"); n=int(p.read_text()) if p.exists() else 0; d=Path("/run/lifecycle.log").read_bytes(); sys.stdout.buffer.write(d[n:]); p.write_text(str(len(d)))'; s=$?; printf '\nCONTROL_%s status=%s uid=%s boot=%s\n' 3bec7e3767ef894c32cec312 "$s" "$(id -u)" "$(cat /proc/sys/kernel/random/boot_id)"

CONTROL_3bec7e3767ef894c32cec312 status=0 uid=0 boot=fcf07b47-2b5d-4771-b4ae-17770cc41be6
root@asterinas-debug:/# python3 -c 'from pathlib import Path; import sys; p=Path("/run/lifecycle.offset"); n=int(p.read_text()) if p.exists() else 0; d=Path("/run/lifecycle.log").read_bytes(); sys.stdout.buffer.write(d[n:]); p.write_text(str(len(d)))'; s=$?; printf '\nCONTROL_%s status=%s uid=%s boot=%s\n' a3b001ae163f76896e5a8493 "$s" "$(id -u)" "$(cat /proc/sys/kernel/random/boot_id)"

CONTROL_a3b001ae163f76896e5a8493 status=0 uid=0 boot=fcf07b47-2b5d-4771-b4ae-17770cc41be6
root@asterinas-debug:/# python3 -c 'from pathlib import Path; import sys; p=Path("/run/lifecycle.offset"); n=int(p.read_text()) if p.exists() else 0; d=Path("/run/lifecycle.log").read_bytes(); sys.stdout.buffer.write(d[n:]); p.write_text(str(len(d)))'; s=$?; printf '\nCONTROL_%s status=%s uid=%s boot=%s\n' 9f1c45e7a84c061610d4b9c6 "$s" "$(id -u)" "$(cat /proc/sys/kernel/random/boot_id)"
LIFECYCLE {"kind": "progress", "elapsed": 434.672, "value": {"active": [{"pid": "231", "cmd": "make results "}, {"pid": "234", "cmd": "/nix/store/16yz6y5x986j1qrb08c9bgbywdy5l9s7-rpcbind-riscv64-unknown-linux-gnu-1.2.6/bin/rpcbind -f "}, {"pid": "235", "cmd": "/nix/store/9plg9b18x3jmzjnh6vzxdpzgcw31mind-gnumake-riscv64-unknown-linux-gnu-4.4.1/bin/make --no-print-directory -f Makefile -o lmbench OS=riscv64-unknown-linux-gnu results "}, {"pid": "3090", "cmd": "lat_mem_rd -P 1 8 128 "}, {"pid": "3200", "cmd": "lat_mem_rd -P 1 8 128 "}]}}

CONTROL_9f1c45e7a84c061610d4b9c6 status=0 uid=0 boot=fcf07b47-2b5d-4771-b4ae-17770cc41be6
root@asterinas-debug:/# python3 -c 'from pathlib import Path; import sys; p=Path("/run/lifecycle.offset"); n=int(p.read_text()) if p.exists() else 0; d=Path("/run/lifecycle.log").read_bytes(); sys.stdout.buffer.write(d[n:]); p.write_text(str(len(d)))'; s=$?; printf '\nCONTROL_%s status=%s uid=%s boot=%s\n' 75df19fd8433219fb1a87516 "$s" "$(id -u)" "$(cat /proc/sys/kernel/random/boot_id)"

CONTROL_75df19fd8433219fb1a87516 status=0 uid=0 boot=fcf07b47-2b5d-4771-b4ae-17770cc41be6
root@asterinas-debug:/# python3 -c 'from pathlib import Path; import sys; p=Path("/run/lifecycle.offset"); n=int(p.read_text()) if p.exists() else 0; d=Path("/run/lifecycle.log").read_bytes(); sys.stdout.buffer.write(d[n:]); p.write_text(str(len(d)))'; s=$?; printf '\nCONTROL_%s status=%s uid=%s boot=%s\n' db9b44954697d0c17391e360 "$s" "$(id -u)" "$(cat /proc/sys/kernel/random/boot_id)"

CONTROL_db9b44954697d0c17391e360 status=0 uid=0 boot=fcf07b47-2b5d-4771-b4ae-17770cc41be6
root@asterinas-debug:/# python3 -c 'from pathlib import Path; import sys; p=Path("/run/lifecycle.offset"); n=int(p.read_text()) if p.exists() else 0; d=Path("/run/lifecycle.log").read_bytes(); sys.stdout.buffer.write(d[n:]); p.write_text(str(len(d)))'; s=$?; printf '\nCONTROL_%s status=%s uid=%s boot=%s\n' 9ddee8d3f9b15e11ef98c040 "$s" "$(id -u)" "$(cat /proc/sys/kernel/random/boot_id)"

CONTROL_9ddee8d3f9b15e11ef98c040 status=0 uid=0 boot=fcf07b47-2b5d-4771-b4ae-17770cc41be6
root@asterinas-debug:/# python3 -c 'from pathlib import Path; import sys; p=Path("/run/lifecycle.offset"); n=int(p.read_text()) if p.exists() else 0; d=Path("/run/lifecycle.log").read_bytes(); sys.stdout.buffer.write(d[n:]); p.write_text(str(len(d)))'; s=$?; printf '\nCONTROL_%s status=%s uid=%s boot=%s\n' 6ef6a87f2da4c398ce67fe2e "$s" "$(id -u)" "$(cat /proc/sys/kernel/random/boot_id)"

CONTROL_6ef6a87f2da4c398ce67fe2e status=0 uid=0 boot=fcf07b47-2b5d-4771-b4ae-17770cc41be6
root@asterinas-debug:/# python3 -c 'from pathlib import Path; import sys; p=Path("/run/lifecycle.offset"); n=int(p.read_text()) if p.exists() else 0; d=Path("/run/lifecycle.log").read_bytes(); sys.stdout.buffer.write(d[n:]); p.write_text(str(len(d)))'; s=$?; printf '\nCONTROL_%s status=%s uid=%s boot=%s\n' c396ffbae747dee143e6ca4c "$s" "$(id -u)" "$(cat /proc/sys/kernel/random/boot_id)"
LIFECYCLE {"kind": "progress", "elapsed": 444.684, "value": {"active": [{"pid": "231", "cmd": "make results "}, {"pid": "234", "cmd": "/nix/store/16yz6y5x986j1qrb08c9bgbywdy5l9s7-rpcbind-riscv64-unknown-linux-gnu-1.2.6/bin/rpcbind -f "}, {"pid": "235", "cmd": "/nix/store/9plg9b18x3jmzjnh6vzxdpzgcw31mind-gnumake-riscv64-unknown-linux-gnu-4.4.1/bin/make --no-print-directory -f Makefile -o lmbench OS=riscv64-unknown-linux-gnu results "}, {"pid": "3090", "cmd": "lat_mem_rd -P 1 8 128 "}, {"pid": "3220", "cmd": "lat_mem_rd -P 1 8 128 "}]}}

CONTROL_c396ffbae747dee143e6ca4c status=0 uid=0 boot=fcf07b47-2b5d-4771-b4ae-17770cc41be6
root@asterinas-debug:/# python3 -c 'from pathlib import Path; import sys; p=Path("/run/lifecycle.offset"); n=int(p.read_text()) if p.exists() else 0; d=Path("/run/lifecycle.log").read_bytes(); sys.stdout.buffer.write(d[n:]); p.write_text(str(len(d)))'; s=$?; printf '\nCONTROL_%s status=%s uid=%s boot=%s\n' a175214d9e99fea581bc7511 "$s" "$(id -u)" "$(cat /proc/sys/kernel/random/boot_id)"

CONTROL_a175214d9e99fea581bc7511 status=0 uid=0 boot=fcf07b47-2b5d-4771-b4ae-17770cc41be6
root@asterinas-debug:/# python3 -c 'from pathlib import Path; import sys; p=Path("/run/lifecycle.offset"); n=int(p.read_text()) if p.exists() else 0; d=Path("/run/lifecycle.log").read_bytes(); sys.stdout.buffer.write(d[n:]); p.write_text(str(len(d)))'; s=$?; printf '\nCONTROL_%s status=%s uid=%s boot=%s\n' 1542dc0ed6550dc527a206bc "$s" "$(id -u)" "$(cat /proc/sys/kernel/random/boot_id)"

CONTROL_1542dc0ed6550dc527a206bc status=0 uid=0 boot=fcf07b47-2b5d-4771-b4ae-17770cc41be6
root@asterinas-debug:/# python3 -c 'from pathlib import Path; import sys; p=Path("/run/lifecycle.offset"); n=int(p.read_text()) if p.exists() else 0; d=Path("/run/lifecycle.log").read_bytes(); sys.stdout.buffer.write(d[n:]); p.write_text(str(len(d)))'; s=$?; printf '\nCONTROL_%s status=%s uid=%s boot=%s\n' 11ddb5e511dfc556693c8813 "$s" "$(id -u)" "$(cat /proc/sys/kernel/random/boot_id)"

CONTROL_11ddb5e511dfc556693c8813 status=0 uid=0 boot=fcf07b47-2b5d-4771-b4ae-17770cc41be6
root@asterinas-debug:/# python3 -c 'from pathlib import Path; import sys; p=Path("/run/lifecycle.offset"); n=int(p.read_text()) if p.exists() else 0; d=Path("/run/lifecycle.log").read_bytes(); sys.stdout.buffer.write(d[n:]); p.write_text(str(len(d)))'; s=$?; printf '\nCONTROL_%s status=%s uid=%s boot=%s\n' 71189ebbfd64ee9975790fb1 "$s" "$(id -u)" "$(cat /proc/sys/kernel/random/boot_id)"
LIFECYCLE {"kind": "progress", "elapsed": 454.713, "value": {"active": [{"pid": "231", "cmd": "make results "}, {"pid": "234", "cmd": "/nix/store/16yz6y5x986j1qrb08c9bgbywdy5l9s7-rpcbind-riscv64-unknown-linux-gnu-1.2.6/bin/rpcbind -f "}, {"pid": "235", "cmd": "/nix/store/9plg9b18x3jmzjnh6vzxdpzgcw31mind-gnumake-riscv64-unknown-linux-gnu-4.4.1/bin/make --no-print-directory -f Makefile -o lmbench OS=riscv64-unknown-linux-gnu results "}, {"pid": "3090", "cmd": "lat_mem_rd -P 1 8 128 "}, {"pid": "3243", "cmd": "lat_mem_rd -P 1 8 128 "}]}}

CONTROL_71189ebbfd64ee9975790fb1 status=0 uid=0 boot=fcf07b47-2b5d-4771-b4ae-17770cc41be6
root@asterinas-debug:/# python3 -c 'from pathlib import Path; import sys; p=Path("/run/lifecycle.offset"); n=int(p.read_text()) if p.exists() else 0; d=Path("/run/lifecycle.log").read_bytes(); sys.stdout.buffer.write(d[n:]); p.write_text(str(len(d)))'; s=$?; printf '\nCONTROL_%s status=%s uid=%s boot=%s\n' e265c30ec3618ea6e5953c77 "$s" "$(id -u)" "$(cat /proc/sys/kernel/random/boot_id)"

CONTROL_e265c30ec3618ea6e5953c77 status=0 uid=0 boot=fcf07b47-2b5d-4771-b4ae-17770cc41be6
root@asterinas-debug:/# python3 -c 'from pathlib import Path; import sys; p=Path("/run/lifecycle.offset"); n=int(p.read_text()) if p.exists() else 0; d=Path("/run/lifecycle.log").read_bytes(); sys.stdout.buffer.write(d[n:]); p.write_text(str(len(d)))'; s=$?; printf '\nCONTROL_%s status=%s uid=%s boot=%s\n' d470ee2a277c7b33c1fbd60f "$s" "$(id -u)" "$(cat /proc/sys/kernel/random/boot_id)"

CONTROL_d470ee2a277c7b33c1fbd60f status=0 uid=0 boot=fcf07b47-2b5d-4771-b4ae-17770cc41be6
root@asterinas-debug:/# python3 -c 'from pathlib import Path; import sys; p=Path("/run/lifecycle.offset"); n=int(p.read_text()) if p.exists() else 0; d=Path("/run/lifecycle.log").read_bytes(); sys.stdout.buffer.write(d[n:]); p.write_text(str(len(d)))'; s=$?; printf '\nCONTROL_%s status=%s uid=%s boot=%s\n' 57f25b1aeb52b63e54073a46 "$s" "$(id -u)" "$(cat /proc/sys/kernel/random/boot_id)"

CONTROL_57f25b1aeb52b63e54073a46 status=0 uid=0 boot=fcf07b47-2b5d-4771-b4ae-17770cc41be6
root@asterinas-debug:/# python3 -c 'from pathlib import Path; import sys; p=Path("/run/lifecycle.offset"); n=int(p.read_text()) if p.exists() else 0; d=Path("/run/lifecycle.log").read_bytes(); sys.stdout.buffer.write(d[n:]); p.write_text(str(len(d)))'; s=$?; printf '\nCONTROL_%s status=%s uid=%s boot=%s\n' 34ae0f752b2424940fe0430a "$s" "$(id -u)" "$(cat /proc/sys/kernel/random/boot_id)"
LIFECYCLE {"kind": "progress", "elapsed": 464.722, "value": {"active": [{"pid": "231", "cmd": "make results "}, {"pid": "234", "cmd": "/nix/store/16yz6y5x986j1qrb08c9bgbywdy5l9s7-rpcbind-riscv64-unknown-linux-gnu-1.2.6/bin/rpcbind -f "}, {"pid": "235", "cmd": "/nix/store/9plg9b18x3jmzjnh6vzxdpzgcw31mind-gnumake-riscv64-unknown-linux-gnu-4.4.1/bin/make --no-print-directory -f Makefile -o lmbench OS=riscv64-unknown-linux-gnu results "}, {"pid": "3090", "cmd": "lat_mem_rd -P 1 8 128 "}, {"pid": "3263", "cmd": "lat_mem_rd -P 1 8 128 "}]}}

CONTROL_34ae0f752b2424940fe0430a status=0 uid=0 boot=fcf07b47-2b5d-4771-b4ae-17770cc41be6
root@asterinas-debug:/# python3 -c 'from pathlib import Path; import sys; p=Path("/run/lifecycle.offset"); n=int(p.read_text()) if p.exists() else 0; d=Path("/run/lifecycle.log").read_bytes(); sys.stdout.buffer.write(d[n:]); p.write_text(str(len(d)))'; s=$?; printf '\nCONTROL_%s status=%s uid=%s boot=%s\n' 2f2e52a8bb272707ffe18276 "$s" "$(id -u)" "$(cat /proc/sys/kernel/random/boot_id)"

CONTROL_2f2e52a8bb272707ffe18276 status=0 uid=0 boot=fcf07b47-2b5d-4771-b4ae-17770cc41be6
root@asterinas-debug:/# python3 -c 'from pathlib import Path; import sys; p=Path("/run/lifecycle.offset"); n=int(p.read_text()) if p.exists() else 0; d=Path("/run/lifecycle.log").read_bytes(); sys.stdout.buffer.write(d[n:]); p.write_text(str(len(d)))'; s=$?; printf '\nCONTROL_%s status=%s uid=%s boot=%s\n' 32942cbb36d3787d6d28820f "$s" "$(id -u)" "$(cat /proc/sys/kernel/random/boot_id)"

CONTROL_32942cbb36d3787d6d28820f status=0 uid=0 boot=fcf07b47-2b5d-4771-b4ae-17770cc41be6
root@asterinas-debug:/# python3 -c 'from pathlib import Path; import sys; p=Path("/run/lifecycle.offset"); n=int(p.read_text()) if p.exists() else 0; d=Path("/run/lifecycle.log").read_bytes(); sys.stdout.buffer.write(d[n:]); p.write_text(str(len(d)))'; s=$?; printf '\nCONTROL_%s status=%s uid=%s boot=%s\n' bdbe29cd97ade1ebea156f12 "$s" "$(id -u)" "$(cat /proc/sys/kernel/random/boot_id)"

CONTROL_bdbe29cd97ade1ebea156f12 status=0 uid=0 boot=fcf07b47-2b5d-4771-b4ae-17770cc41be6
root@asterinas-debug:/# python3 -c 'from pathlib import Path; import sys; p=Path("/run/lifecycle.offset"); n=int(p.read_text()) if p.exists() else 0; d=Path("/run/lifecycle.log").read_bytes(); sys.stdout.buffer.write(d[n:]); p.write_text(str(len(d)))'; s=$?; printf '\nCONTROL_%s status=%s uid=%s boot=%s\n' edc489a497b5dc4a1f57fd76 "$s" "$(id -u)" "$(cat /proc/sys/kernel/random/boot_id)"
LIFECYCLE {"kind": "progress", "elapsed": 474.742, "value": {"active": [{"pid": "231", "cmd": "make results "}, {"pid": "234", "cmd": "/nix/store/16yz6y5x986j1qrb08c9bgbywdy5l9s7-rpcbind-riscv64-unknown-linux-gnu-1.2.6/bin/rpcbind -f "}, {"pid": "235", "cmd": "/nix/store/9plg9b18x3jmzjnh6vzxdpzgcw31mind-gnumake-riscv64-unknown-linux-gnu-4.4.1/bin/make --no-print-directory -f Makefile -o lmbench OS=riscv64-unknown-linux-gnu results "}, {"pid": "3090", "cmd": "lat_mem_rd -P 1 8 128 "}, {"pid": "3283", "cmd": "lat_mem_rd -P 1 8 128 "}]}}

CONTROL_edc489a497b5dc4a1f57fd76 status=0 uid=0 boot=fcf07b47-2b5d-4771-b4ae-17770cc41be6
root@asterinas-debug:/# python3 -c 'from pathlib import Path; import sys; p=Path("/run/lifecycle.offset"); n=int(p.read_text()) if p.exists() else 0; d=Path("/run/lifecycle.log").read_bytes(); sys.stdout.buffer.write(d[n:]); p.write_text(str(len(d)))'; s=$?; printf '\nCONTROL_%s status=%s uid=%s boot=%s\n' 136c70bc93deccf67b110ca5 "$s" "$(id -u)" "$(cat /proc/sys/kernel/random/boot_id)"

CONTROL_136c70bc93deccf67b110ca5 status=0 uid=0 boot=fcf07b47-2b5d-4771-b4ae-17770cc41be6
root@asterinas-debug:/# python3 -c 'from pathlib import Path; import sys; p=Path("/run/lifecycle.offset"); n=int(p.read_text()) if p.exists() else 0; d=Path("/run/lifecycle.log").read_bytes(); sys.stdout.buffer.write(d[n:]); p.write_text(str(len(d)))'; s=$?; printf '\nCONTROL_%s status=%s uid=%s boot=%s\n' ccf8a4edf9d43b5efd61daac "$s" "$(id -u)" "$(cat /proc/sys/kernel/random/boot_id)"

CONTROL_ccf8a4edf9d43b5efd61daac status=0 uid=0 boot=fcf07b47-2b5d-4771-b4ae-17770cc41be6
root@asterinas-debug:/# python3 -c 'from pathlib import Path; import sys; p=Path("/run/lifecycle.offset"); n=int(p.read_text()) if p.exists() else 0; d=Path("/run/lifecycle.log").read_bytes(); sys.stdout.buffer.write(d[n:]); p.write_text(str(len(d)))'; s=$?; printf '\nCONTROL_%s status=%s uid=%s boot=%s\n' c0ee9e3faee113255c393553 "$s" "$(id -u)" "$(cat /proc/sys/kernel/random/boot_id)"

CONTROL_c0ee9e3faee113255c393553 status=0 uid=0 boot=fcf07b47-2b5d-4771-b4ae-17770cc41be6
root@asterinas-debug:/# python3 -c 'from pathlib import Path; import sys; p=Path("/run/lifecycle.offset"); n=int(p.read_text()) if p.exists() else 0; d=Path("/run/lifecycle.log").read_bytes(); sys.stdout.buffer.write(d[n:]); p.write_text(str(len(d)))'; s=$?; printf '\nCONTROL_%s status=%s uid=%s boot=%s\n' dd010ad1f8e0465a4b8cd81e "$s" "$(id -u)" "$(cat /proc/sys/kernel/random/boot_id)"
LIFECYCLE {"kind": "progress", "elapsed": 484.758, "value": {"active": [{"pid": "231", "cmd": "make results "}, {"pid": "234", "cmd": "/nix/store/16yz6y5x986j1qrb08c9bgbywdy5l9s7-rpcbind-riscv64-unknown-linux-gnu-1.2.6/bin/rpcbind -f "}, {"pid": "235", "cmd": "/nix/store/9plg9b18x3jmzjnh6vzxdpzgcw31mind-gnumake-riscv64-unknown-linux-gnu-4.4.1/bin/make --no-print-directory -f Makefile -o lmbench OS=riscv64-unknown-linux-gnu results "}, {"pid": "3090", "cmd": "lat_mem_rd -P 1 8 128 "}, {"pid": "3302", "cmd": "lat_mem_rd -P 1 8 128 "}]}}

CONTROL_dd010ad1f8e0465a4b8cd81e status=0 uid=0 boot=fcf07b47-2b5d-4771-b4ae-17770cc41be6
root@asterinas-debug:/# python3 -c 'from pathlib import Path; import sys; p=Path("/run/lifecycle.offset"); n=int(p.read_text()) if p.exists() else 0; d=Path("/run/lifecycle.log").read_bytes(); sys.stdout.buffer.write(d[n:]); p.write_text(str(len(d)))'; s=$?; printf '\nCONTROL_%s status=%s uid=%s boot=%s\n' 48befeb55cc823c0cd312653 "$s" "$(id -u)" "$(cat /proc/sys/kernel/random/boot_id)"

CONTROL_48befeb55cc823c0cd312653 status=0 uid=0 boot=fcf07b47-2b5d-4771-b4ae-17770cc41be6
root@asterinas-debug:/# python3 -c 'from pathlib import Path; import sys; p=Path("/run/lifecycle.offset"); n=int(p.read_text()) if p.exists() else 0; d=Path("/run/lifecycle.log").read_bytes(); sys.stdout.buffer.write(d[n:]); p.write_text(str(len(d)))'; s=$?; printf '\nCONTROL_%s status=%s uid=%s boot=%s\n' 96fbc4c88886eb5d8f551d7d "$s" "$(id -u)" "$(cat /proc/sys/kernel/random/boot_id)"

CONTROL_96fbc4c88886eb5d8f551d7d status=0 uid=0 boot=fcf07b47-2b5d-4771-b4ae-17770cc41be6
root@asterinas-debug:/# python3 -c 'from pathlib import Path; import sys; p=Path("/run/lifecycle.offset"); n=int(p.read_text()) if p.exists() else 0; d=Path("/run/lifecycle.log").read_bytes(); sys.stdout.buffer.write(d[n:]); p.write_text(str(len(d)))'; s=$?; printf '\nCONTROL_%s status=%s uid=%s boot=%s\n' 67886d042bfd084b5414ea97 "$s" "$(id -u)" "$(cat /proc/sys/kernel/random/boot_id)"

CONTROL_67886d042bfd084b5414ea97 status=0 uid=0 boot=fcf07b47-2b5d-4771-b4ae-17770cc41be6
root@asterinas-debug:/# python3 -c 'from pathlib import Path; import sys; p=Path("/run/lifecycle.offset"); n=int(p.read_text()) if p.exists() else 0; d=Path("/run/lifecycle.log").read_bytes(); sys.stdout.buffer.write(d[n:]); p.write_text(str(len(d)))'; s=$?; printf '\nCONTROL_%s status=%s uid=%s boot=%s\n' ebeb754f3250243ce86a1ef5 "$s" "$(id -u)" "$(cat /proc/sys/kernel/random/boot_id)"

CONTROL_ebeb754f3250243ce86a1ef5 status=0 uid=0 boot=fcf07b47-2b5d-4771-b4ae-17770cc41be6
root@asterinas-debug:/# python3 -c 'from pathlib import Path; import sys; p=Path("/run/lifecycle.offset"); n=int(p.read_text()) if p.exists() else 0; d=Path("/run/lifecycle.log").read_bytes(); sys.stdout.buffer.write(d[n:]); p.write_text(str(len(d)))'; s=$?; printf '\nCONTROL_%s status=%s uid=%s boot=%s\n' 9aa522b06fed4a05bdf7230f "$s" "$(id -u)" "$(cat /proc/sys/kernel/random/boot_id)"
LIFECYCLE {"kind": "progress", "elapsed": 494.773, "value": {"active": [{"pid": "231", "cmd": "make results "}, {"pid": "234", "cmd": "/nix/store/16yz6y5x986j1qrb08c9bgbywdy5l9s7-rpcbind-riscv64-unknown-linux-gnu-1.2.6/bin/rpcbind -f "}, {"pid": "235", "cmd": "/nix/store/9plg9b18x3jmzjnh6vzxdpzgcw31mind-gnumake-riscv64-unknown-linux-gnu-4.4.1/bin/make --no-print-directory -f Makefile -o lmbench OS=riscv64-unknown-linux-gnu results "}, {"pid": "3306", "cmd": "lat_mem_rd -t -P 1 8 16 "}, {"pid": "3326", "cmd": "lat_mem_rd -t -P 1 8 16 "}]}}

CONTROL_9aa522b06fed4a05bdf7230f status=0 uid=0 boot=fcf07b47-2b5d-4771-b4ae-17770cc41be6
root@asterinas-debug:/# python3 -c 'from pathlib import Path; import sys; p=Path("/run/lifecycle.offset"); n=int(p.read_text()) if p.exists() else 0; d=Path("/run/lifecycle.log").read_bytes(); sys.stdout.buffer.write(d[n:]); p.write_text(str(len(d)))'; s=$?; printf '\nCONTROL_%s status=%s uid=%s boot=%s\n' 9414600dab610e5507884728 "$s" "$(id -u)" "$(cat /proc/sys/kernel/random/boot_id)"

CONTROL_9414600dab610e5507884728 status=0 uid=0 boot=fcf07b47-2b5d-4771-b4ae-17770cc41be6
root@asterinas-debug:/# python3 -c 'from pathlib import Path; import sys; p=Path("/run/lifecycle.offset"); n=int(p.read_text()) if p.exists() else 0; d=Path("/run/lifecycle.log").read_bytes(); sys.stdout.buffer.write(d[n:]); p.write_text(str(len(d)))'; s=$?; printf '\nCONTROL_%s status=%s uid=%s boot=%s\n' 241e1638269617b08f7a40aa "$s" "$(id -u)" "$(cat /proc/sys/kernel/random/boot_id)"

CONTROL_241e1638269617b08f7a40aa status=0 uid=0 boot=fcf07b47-2b5d-4771-b4ae-17770cc41be6
root@asterinas-debug:/# python3 -c 'from pathlib import Path; import sys; p=Path("/run/lifecycle.offset"); n=int(p.read_text()) if p.exists() else 0; d=Path("/run/lifecycle.log").read_bytes(); sys.stdout.buffer.write(d[n:]); p.write_text(str(len(d)))'; s=$?; printf '\nCONTROL_%s status=%s uid=%s boot=%s\n' ce20f3a6b14ec37b656ad52f "$s" "$(id -u)" "$(cat /proc/sys/kernel/random/boot_id)"

CONTROL_ce20f3a6b14ec37b656ad52f status=0 uid=0 boot=fcf07b47-2b5d-4771-b4ae-17770cc41be6
root@asterinas-debug:/# python3 -c 'from pathlib import Path; import sys; p=Path("/run/lifecycle.offset"); n=int(p.read_text()) if p.exists() else 0; d=Path("/run/lifecycle.log").read_bytes(); sys.stdout.buffer.write(d[n:]); p.write_text(str(len(d)))'; s=$?; printf '\nCONTROL_%s status=%s uid=%s boot=%s\n' de9999bf5301f66387488865 "$s" "$(id -u)" "$(cat /proc/sys/kernel/random/boot_id)"
LIFECYCLE {"kind": "progress", "elapsed": 504.792, "value": {"active": [{"pid": "231", "cmd": "make results "}, {"pid": "234", "cmd": "/nix/store/16yz6y5x986j1qrb08c9bgbywdy5l9s7-rpcbind-riscv64-unknown-linux-gnu-1.2.6/bin/rpcbind -f "}, {"pid": "235", "cmd": "/nix/store/9plg9b18x3jmzjnh6vzxdpzgcw31mind-gnumake-riscv64-unknown-linux-gnu-4.4.1/bin/make --no-print-directory -f Makefile -o lmbench OS=riscv64-unknown-linux-gnu results "}, {"pid": "3306", "cmd": "lat_mem_rd -t -P 1 8 16 "}, {"pid": "3346", "cmd": "lat_mem_rd -t -P 1 8 16 "}]}}

CONTROL_de9999bf5301f66387488865 status=0 uid=0 boot=fcf07b47-2b5d-4771-b4ae-17770cc41be6
root@asterinas-debug:/# python3 -c 'from pathlib import Path; import sys; p=Path("/run/lifecycle.offset"); n=int(p.read_text()) if p.exists() else 0; d=Path("/run/lifecycle.log").read_bytes(); sys.stdout.buffer.write(d[n:]); p.write_text(str(len(d)))'; s=$?; printf '\nCONTROL_%s status=%s uid=%s boot=%s\n' faba05392be5758a8933ed53 "$s" "$(id -u)" "$(cat /proc/sys/kernel/random/boot_id)"

CONTROL_faba05392be5758a8933ed53 status=0 uid=0 boot=fcf07b47-2b5d-4771-b4ae-17770cc41be6
root@asterinas-debug:/# python3 -c 'from pathlib import Path; import sys; p=Path("/run/lifecycle.offset"); n=int(p.read_text()) if p.exists() else 0; d=Path("/run/lifecycle.log").read_bytes(); sys.stdout.buffer.write(d[n:]); p.write_text(str(len(d)))'; s=$?; printf '\nCONTROL_%s status=%s uid=%s boot=%s\n' 3e57cd153ada2129f73e5ac3 "$s" "$(id -u)" "$(cat /proc/sys/kernel/random/boot_id)"

CONTROL_3e57cd153ada2129f73e5ac3 status=0 uid=0 boot=fcf07b47-2b5d-4771-b4ae-17770cc41be6
root@asterinas-debug:/# python3 -c 'from pathlib import Path; import sys; p=Path("/run/lifecycle.offset"); n=int(p.read_text()) if p.exists() else 0; d=Path("/run/lifecycle.log").read_bytes(); sys.stdout.buffer.write(d[n:]); p.write_text(str(len(d)))'; s=$?; printf '\nCONTROL_%s status=%s uid=%s boot=%s\n' b7094fcfea3498c02cd99d27 "$s" "$(id -u)" "$(cat /proc/sys/kernel/random/boot_id)"

CONTROL_b7094fcfea3498c02cd99d27 status=0 uid=0 boot=fcf07b47-2b5d-4771-b4ae-17770cc41be6
root@asterinas-debug:/# python3 -c 'from pathlib import Path; import sys; p=Path("/run/lifecycle.offset"); n=int(p.read_text()) if p.exists() else 0; d=Path("/run/lifecycle.log").read_bytes(); sys.stdout.buffer.write(d[n:]); p.write_text(str(len(d)))'; s=$?; printf '\nCONTROL_%s status=%s uid=%s boot=%s\n' b0a6479b568501249501a3fb "$s" "$(id -u)" "$(cat /proc/sys/kernel/random/boot_id)"
LIFECYCLE {"kind": "progress", "elapsed": 514.807, "value": {"active": [{"pid": "231", "cmd": "make results "}, {"pid": "234", "cmd": "/nix/store/16yz6y5x986j1qrb08c9bgbywdy5l9s7-rpcbind-riscv64-unknown-linux-gnu-1.2.6/bin/rpcbind -f "}, {"pid": "235", "cmd": "/nix/store/9plg9b18x3jmzjnh6vzxdpzgcw31mind-gnumake-riscv64-unknown-linux-gnu-4.4.1/bin/make --no-print-directory -f Makefile -o lmbench OS=riscv64-unknown-linux-gnu results "}, {"pid": "3306", "cmd": "lat_mem_rd -t -P 1 8 16 "}, {"pid": "3366", "cmd": "lat_mem_rd -t -P 1 8 16 "}]}}

CONTROL_b0a6479b568501249501a3fb status=0 uid=0 boot=fcf07b47-2b5d-4771-b4ae-17770cc41be6
root@asterinas-debug:/# python3 -c 'from pathlib import Path; import sys; p=Path("/run/lifecycle.offset"); n=int(p.read_text()) if p.exists() else 0; d=Path("/run/lifecycle.log").read_bytes(); sys.stdout.buffer.write(d[n:]); p.write_text(str(len(d)))'; s=$?; printf '\nCONTROL_%s status=%s uid=%s boot=%s\n' 35dda477fdfe3c1dbc9198ee "$s" "$(id -u)" "$(cat /proc/sys/kernel/random/boot_id)"

CONTROL_35dda477fdfe3c1dbc9198ee status=0 uid=0 boot=fcf07b47-2b5d-4771-b4ae-17770cc41be6
root@asterinas-debug:/# python3 -c 'from pathlib import Path; import sys; p=Path("/run/lifecycle.offset"); n=int(p.read_text()) if p.exists() else 0; d=Path("/run/lifecycle.log").read_bytes(); sys.stdout.buffer.write(d[n:]); p.write_text(str(len(d)))'; s=$?; printf '\nCONTROL_%s status=%s uid=%s boot=%s\n' ca820f0f4840a18a0fa858dd "$s" "$(id -u)" "$(cat /proc/sys/kernel/random/boot_id)"

CONTROL_ca820f0f4840a18a0fa858dd status=0 uid=0 boot=fcf07b47-2b5d-4771-b4ae-17770cc41be6
root@asterinas-debug:/# python3 -c 'from pathlib import Path; import sys; p=Path("/run/lifecycle.offset"); n=int(p.read_text()) if p.exists() else 0; d=Path("/run/lifecycle.log").read_bytes(); sys.stdout.buffer.write(d[n:]); p.write_text(str(len(d)))'; s=$?; printf '\nCONTROL_%s status=%s uid=%s boot=%s\n' 4b3a7424e02fe5e1383151d8 "$s" "$(id -u)" "$(cat /proc/sys/kernel/random/boot_id)"

CONTROL_4b3a7424e02fe5e1383151d8 status=0 uid=0 boot=fcf07b47-2b5d-4771-b4ae-17770cc41be6
root@asterinas-debug:/# python3 -c 'from pathlib import Path; import sys; p=Path("/run/lifecycle.offset"); n=int(p.read_text()) if p.exists() else 0; d=Path("/run/lifecycle.log").read_bytes(); sys.stdout.buffer.write(d[n:]); p.write_text(str(len(d)))'; s=$?; printf '\nCONTROL_%s status=%s uid=%s boot=%s\n' 9c99397713cc717816216771 "$s" "$(id -u)" "$(cat /proc/sys/kernel/random/boot_id)"

CONTROL_9c99397713cc717816216771 status=0 uid=0 boot=fcf07b47-2b5d-4771-b4ae-17770cc41be6
root@asterinas-debug:/# python3 -c 'from pathlib import Path; import sys; p=Path("/run/lifecycle.offset"); n=int(p.read_text()) if p.exists() else 0; d=Path("/run/lifecycle.log").read_bytes(); sys.stdout.buffer.write(d[n:]); p.write_text(str(len(d)))'; s=$?; printf '\nCONTROL_%s status=%s uid=%s boot=%s\n' 93ff3559f41d9365ea479239 "$s" "$(id -u)" "$(cat /proc/sys/kernel/random/boot_id)"
LIFECYCLE {"kind": "progress", "elapsed": 524.822, "value": {"active": [{"pid": "231", "cmd": "make results "}, {"pid": "234", "cmd": "/nix/store/16yz6y5x986j1qrb08c9bgbywdy5l9s7-rpcbind-riscv64-unknown-linux-gnu-1.2.6/bin/rpcbind -f "}, {"pid": "235", "cmd": "/nix/store/9plg9b18x3jmzjnh6vzxdpzgcw31mind-gnumake-riscv64-unknown-linux-gnu-4.4.1/bin/make --no-print-directory -f Makefile -o lmbench OS=riscv64-unknown-linux-gnu results "}, {"pid": "3306", "cmd": "lat_mem_rd -t -P 1 8 16 "}, {"pid": "3386", "cmd": "lat_mem_rd -t -P 1 8 16 "}]}}

CONTROL_93ff3559f41d9365ea479239 status=0 uid=0 boot=fcf07b47-2b5d-4771-b4ae-17770cc41be6
root@asterinas-debug:/# python3 -c 'from pathlib import Path; import sys; p=Path("/run/lifecycle.offset"); n=int(p.read_text()) if p.exists() else 0; d=Path("/run/lifecycle.log").read_bytes(); sys.stdout.buffer.write(d[n:]); p.write_text(str(len(d)))'; s=$?; printf '\nCONTROL_%s status=%s uid=%s boot=%s\n' 53a4e77fb827b16e12459e41 "$s" "$(id -u)" "$(cat /proc/sys/kernel/random/boot_id)"

CONTROL_53a4e77fb827b16e12459e41 status=0 uid=0 boot=fcf07b47-2b5d-4771-b4ae-17770cc41be6
root@asterinas-debug:/# python3 -c 'from pathlib import Path; import sys; p=Path("/run/lifecycle.offset"); n=int(p.read_text()) if p.exists() else 0; d=Path("/run/lifecycle.log").read_bytes(); sys.stdout.buffer.write(d[n:]); p.write_text(str(len(d)))'; s=$?; printf '\nCONTROL_%s status=%s uid=%s boot=%s\n' 4dc77cd360909a10c6a8256e "$s" "$(id -u)" "$(cat /proc/sys/kernel/random/boot_id)"

CONTROL_4dc77cd360909a10c6a8256e status=0 uid=0 boot=fcf07b47-2b5d-4771-b4ae-17770cc41be6
root@asterinas-debug:/# python3 -c 'from pathlib import Path; import sys; p=Path("/run/lifecycle.offset"); n=int(p.read_text()) if p.exists() else 0; d=Path("/run/lifecycle.log").read_bytes(); sys.stdout.buffer.write(d[n:]); p.write_text(str(len(d)))'; s=$?; printf '\nCONTROL_%s status=%s uid=%s boot=%s\n' 8e2f070f3ea9256f5b9cc616 "$s" "$(id -u)" "$(cat /proc/sys/kernel/random/boot_id)"

CONTROL_8e2f070f3ea9256f5b9cc616 status=0 uid=0 boot=fcf07b47-2b5d-4771-b4ae-17770cc41be6
root@asterinas-debug:/# python3 -c 'from pathlib import Path; import sys; p=Path("/run/lifecycle.offset"); n=int(p.read_text()) if p.exists() else 0; d=Path("/run/lifecycle.log").read_bytes(); sys.stdout.buffer.write(d[n:]); p.write_text(str(len(d)))'; s=$?; printf '\nCONTROL_%s status=%s uid=%s boot=%s\n' 702f161ac2f044ed017c4d96 "$s" "$(id -u)" "$(cat /proc/sys/kernel/random/boot_id)"
LIFECYCLE {"kind": "progress", "elapsed": 534.831, "value": {"active": [{"pid": "231", "cmd": "make results "}, {"pid": "234", "cmd": "/nix/store/16yz6y5x986j1qrb08c9bgbywdy5l9s7-rpcbind-riscv64-unknown-linux-gnu-1.2.6/bin/rpcbind -f "}, {"pid": "235", "cmd": "/nix/store/9plg9b18x3jmzjnh6vzxdpzgcw31mind-gnumake-riscv64-unknown-linux-gnu-4.4.1/bin/make --no-print-directory -f Makefile -o lmbench OS=riscv64-unknown-linux-gnu results "}, {"pid": "3306", "cmd": "lat_mem_rd -t -P 1 8 16 "}, {"pid": "3409", "cmd": "lat_mem_rd -t -P 1 8 16 "}]}}

CONTROL_702f161ac2f044ed017c4d96 status=0 uid=0 boot=fcf07b47-2b5d-4771-b4ae-17770cc41be6
root@asterinas-debug:/# python3 -c 'from pathlib import Path; import sys; p=Path("/run/lifecycle.offset"); n=int(p.read_text()) if p.exists() else 0; d=Path("/run/lifecycle.log").read_bytes(); sys.stdout.buffer.write(d[n:]); p.write_text(str(len(d)))'; s=$?; printf '\nCONTROL_%s status=%s uid=%s boot=%s\n' 62584358bed6e09660047782 "$s" "$(id -u)" "$(cat /proc/sys/kernel/random/boot_id)"

CONTROL_62584358bed6e09660047782 status=0 uid=0 boot=fcf07b47-2b5d-4771-b4ae-17770cc41be6
root@asterinas-debug:/# python3 -c 'from pathlib import Path; import sys; p=Path("/run/lifecycle.offset"); n=int(p.read_text()) if p.exists() else 0; d=Path("/run/lifecycle.log").read_bytes(); sys.stdout.buffer.write(d[n:]); p.write_text(str(len(d)))'; s=$?; printf '\nCONTROL_%s status=%s uid=%s boot=%s\n' 263493a1607cbd407c11338a "$s" "$(id -u)" "$(cat /proc/sys/kernel/random/boot_id)"

CONTROL_263493a1607cbd407c11338a status=0 uid=0 boot=fcf07b47-2b5d-4771-b4ae-17770cc41be6
root@asterinas-debug:/# python3 -c 'from pathlib import Path; import sys; p=Path("/run/lifecycle.offset"); n=int(p.read_text()) if p.exists() else 0; d=Path("/run/lifecycle.log").read_bytes(); sys.stdout.buffer.write(d[n:]); p.write_text(str(len(d)))'; s=$?; printf '\nCONTROL_%s status=%s uid=%s boot=%s\n' d2d6373e3ae493cf72d88fef "$s" "$(id -u)" "$(cat /proc/sys/kernel/random/boot_id)"

CONTROL_d2d6373e3ae493cf72d88fef status=0 uid=0 boot=fcf07b47-2b5d-4771-b4ae-17770cc41be6
root@asterinas-debug:/# python3 -c 'from pathlib import Path; import sys; p=Path("/run/lifecycle.offset"); n=int(p.read_text()) if p.exists() else 0; d=Path("/run/lifecycle.log").read_bytes(); sys.stdout.buffer.write(d[n:]); p.write_text(str(len(d)))'; s=$?; printf '\nCONTROL_%s status=%s uid=%s boot=%s\n' aaef18f8267344201f1e86df "$s" "$(id -u)" "$(cat /proc/sys/kernel/random/boot_id)"
LIFECYCLE {"kind": "progress", "elapsed": 544.847, "value": {"active": [{"pid": "231", "cmd": "make results "}, {"pid": "234", "cmd": "/nix/store/16yz6y5x986j1qrb08c9bgbywdy5l9s7-rpcbind-riscv64-unknown-linux-gnu-1.2.6/bin/rpcbind -f "}, {"pid": "235", "cmd": "/nix/store/9plg9b18x3jmzjnh6vzxdpzgcw31mind-gnumake-riscv64-unknown-linux-gnu-4.4.1/bin/make --no-print-directory -f Makefile -o lmbench OS=riscv64-unknown-linux-gnu results "}, {"pid": "3306", "cmd": "lat_mem_rd -t -P 1 8 16 "}, {"pid": "3429", "cmd": "lat_mem_rd -t -P 1 8 16 "}]}}

CONTROL_aaef18f8267344201f1e86df status=0 uid=0 boot=fcf07b47-2b5d-4771-b4ae-17770cc41be6
root@asterinas-debug:/# python3 -c 'from pathlib import Path; import sys; p=Path("/run/lifecycle.offset"); n=int(p.read_text()) if p.exists() else 0; d=Path("/run/lifecycle.log").read_bytes(); sys.stdout.buffer.write(d[n:]); p.write_text(str(len(d)))'; s=$?; printf '\nCONTROL_%s status=%s uid=%s boot=%s\n' 8372b9852c87769240e9433e "$s" "$(id -u)" "$(cat /proc/sys/kernel/random/boot_id)"

CONTROL_8372b9852c87769240e9433e status=0 uid=0 boot=fcf07b47-2b5d-4771-b4ae-17770cc41be6
root@asterinas-debug:/# python3 -c 'from pathlib import Path; import sys; p=Path("/run/lifecycle.offset"); n=int(p.read_text()) if p.exists() else 0; d=Path("/run/lifecycle.log").read_bytes(); sys.stdout.buffer.write(d[n:]); p.write_text(str(len(d)))'; s=$?; printf '\nCONTROL_%s status=%s uid=%s boot=%s\n' 4d61e23bd59694410d224bc2 "$s" "$(id -u)" "$(cat /proc/sys/kernel/random/boot_id)"

CONTROL_4d61e23bd59694410d224bc2 status=0 uid=0 boot=fcf07b47-2b5d-4771-b4ae-17770cc41be6
root@asterinas-debug:/# python3 -c 'from pathlib import Path; import sys; p=Path("/run/lifecycle.offset"); n=int(p.read_text()) if p.exists() else 0; d=Path("/run/lifecycle.log").read_bytes(); sys.stdout.buffer.write(d[n:]); p.write_text(str(len(d)))'; s=$?; printf '\nCONTROL_%s status=%s uid=%s boot=%s\n' 6ac3d1dae5ab25627e59b83a "$s" "$(id -u)" "$(cat /proc/sys/kernel/random/boot_id)"

CONTROL_6ac3d1dae5ab25627e59b83a status=0 uid=0 boot=fcf07b47-2b5d-4771-b4ae-17770cc41be6
root@asterinas-debug:/# python3 -c 'from pathlib import Path; import sys; p=Path("/run/lifecycle.offset"); n=int(p.read_text()) if p.exists() else 0; d=Path("/run/lifecycle.log").read_bytes(); sys.stdout.buffer.write(d[n:]); p.write_text(str(len(d)))'; s=$?; printf '\nCONTROL_%s status=%s uid=%s boot=%s\n' 758ba17d5fe93d8b27a9e5f5 "$s" "$(id -u)" "$(cat /proc/sys/kernel/random/boot_id)"
LIFECYCLE {"kind": "progress", "elapsed": 554.868, "value": {"active": [{"pid": "231", "cmd": "make results "}, {"pid": "234", "cmd": "/nix/store/16yz6y5x986j1qrb08c9bgbywdy5l9s7-rpcbind-riscv64-unknown-linux-gnu-1.2.6/bin/rpcbind -f "}, {"pid": "235", "cmd": "/nix/store/9plg9b18x3jmzjnh6vzxdpzgcw31mind-gnumake-riscv64-unknown-linux-gnu-4.4.1/bin/make --no-print-directory -f Makefile -o lmbench OS=riscv64-unknown-linux-gnu results "}, {"pid": "3306", "cmd": "lat_mem_rd -t -P 1 8 16 "}, {"pid": "3449", "cmd": "lat_mem_rd -t -P 1 8 16 "}]}}

CONTROL_758ba17d5fe93d8b27a9e5f5 status=0 uid=0 boot=fcf07b47-2b5d-4771-b4ae-17770cc41be6
root@asterinas-debug:/# python3 -c 'from pathlib import Path; import sys; p=Path("/run/lifecycle.offset"); n=int(p.read_text()) if p.exists() else 0; d=Path("/run/lifecycle.log").read_bytes(); sys.stdout.buffer.write(d[n:]); p.write_text(str(len(d)))'; s=$?; printf '\nCONTROL_%s status=%s uid=%s boot=%s\n' 9de35071e9630e4f2cbf3c22 "$s" "$(id -u)" "$(cat /proc/sys/kernel/random/boot_id)"

CONTROL_9de35071e9630e4f2cbf3c22 status=0 uid=0 boot=fcf07b47-2b5d-4771-b4ae-17770cc41be6
root@asterinas-debug:/# python3 -c 'from pathlib import Path; import sys; p=Path("/run/lifecycle.offset"); n=int(p.read_text()) if p.exists() else 0; d=Path("/run/lifecycle.log").read_bytes(); sys.stdout.buffer.write(d[n:]); p.write_text(str(len(d)))'; s=$?; printf '\nCONTROL_%s status=%s uid=%s boot=%s\n' 47b2dbfff48e6a959b03af87 "$s" "$(id -u)" "$(cat /proc/sys/kernel/random/boot_id)"

CONTROL_47b2dbfff48e6a959b03af87 status=0 uid=0 boot=fcf07b47-2b5d-4771-b4ae-17770cc41be6
root@asterinas-debug:/# python3 -c 'from pathlib import Path; import sys; p=Path("/run/lifecycle.offset"); n=int(p.read_text()) if p.exists() else 0; d=Path("/run/lifecycle.log").read_bytes(); sys.stdout.buffer.write(d[n:]); p.write_text(str(len(d)))'; s=$?; printf '\nCONTROL_%s status=%s uid=%s boot=%s\n' e2f776f91006330ab3aba439 "$s" "$(id -u)" "$(cat /proc/sys/kernel/random/boot_id)"

CONTROL_e2f776f91006330ab3aba439 status=0 uid=0 boot=fcf07b47-2b5d-4771-b4ae-17770cc41be6
root@asterinas-debug:/# python3 -c 'from pathlib import Path; import sys; p=Path("/run/lifecycle.offset"); n=int(p.read_text()) if p.exists() else 0; d=Path("/run/lifecycle.log").read_bytes(); sys.stdout.buffer.write(d[n:]); p.write_text(str(len(d)))'; s=$?; printf '\nCONTROL_%s status=%s uid=%s boot=%s\n' 3316ee147d670751c876160d "$s" "$(id -u)" "$(cat /proc/sys/kernel/random/boot_id)"

CONTROL_3316ee147d670751c876160d status=0 uid=0 boot=fcf07b47-2b5d-4771-b4ae-17770cc41be6
root@asterinas-debug:/# python3 -c 'from pathlib import Path; import sys; p=Path("/run/lifecycle.offset"); n=int(p.read_text()) if p.exists() else 0; d=Path("/run/lifecycle.log").read_bytes(); sys.stdout.buffer.write(d[n:]); p.write_text(str(len(d)))'; s=$?; printf '\nCONTROL_%s status=%s uid=%s boot=%s\n' 615c7b2822b6baf76ca7e640 "$s" "$(id -u)" "$(cat /proc/sys/kernel/random/boot_id)"
LIFECYCLE {"kind": "progress", "elapsed": 564.881, "value": {"active": [{"pid": "231", "cmd": "make results "}, {"pid": "234", "cmd": "/nix/store/16yz6y5x986j1qrb08c9bgbywdy5l9s7-rpcbind-riscv64-unknown-linux-gnu-1.2.6/bin/rpcbind -f "}, {"pid": "235", "cmd": "/nix/store/9plg9b18x3jmzjnh6vzxdpzgcw31mind-gnumake-riscv64-unknown-linux-gnu-4.4.1/bin/make --no-print-directory -f Makefile -o lmbench OS=riscv64-unknown-linux-gnu results "}, {"pid": "3306", "cmd": "lat_mem_rd -t -P 1 8 16 "}, {"pid": "3468", "cmd": "lat_mem_rd -t -P 1 8 16 "}]}}

CONTROL_615c7b2822b6baf76ca7e640 status=0 uid=0 boot=fcf07b47-2b5d-4771-b4ae-17770cc41be6
root@asterinas-debug:/# python3 -c 'from pathlib import Path; import sys; p=Path("/run/lifecycle.offset"); n=int(p.read_text()) if p.exists() else 0; d=Path("/run/lifecycle.log").read_bytes(); sys.stdout.buffer.write(d[n:]); p.write_text(str(len(d)))'; s=$?; printf '\nCONTROL_%s status=%s uid=%s boot=%s\n' 25df3fc3ffaf3fec661e12a0 "$s" "$(id -u)" "$(cat /proc/sys/kernel/random/boot_id)"

CONTROL_25df3fc3ffaf3fec661e12a0 status=0 uid=0 boot=fcf07b47-2b5d-4771-b4ae-17770cc41be6
root@asterinas-debug:/# python3 -c 'from pathlib import Path; import sys; p=Path("/run/lifecycle.offset"); n=int(p.read_text()) if p.exists() else 0; d=Path("/run/lifecycle.log").read_bytes(); sys.stdout.buffer.write(d[n:]); p.write_text(str(len(d)))'; s=$?; printf '\nCONTROL_%s status=%s uid=%s boot=%s\n' abfb3541effbef2eba1dda42 "$s" "$(id -u)" "$(cat /proc/sys/kernel/random/boot_id)"

CONTROL_abfb3541effbef2eba1dda42 status=0 uid=0 boot=fcf07b47-2b5d-4771-b4ae-17770cc41be6
root@asterinas-debug:/# python3 -c 'from pathlib import Path; import sys; p=Path("/run/lifecycle.offset"); n=int(p.read_text()) if p.exists() else 0; d=Path("/run/lifecycle.log").read_bytes(); sys.stdout.buffer.write(d[n:]); p.write_text(str(len(d)))'; s=$?; printf '\nCONTROL_%s status=%s uid=%s boot=%s\n' 0ced71f10a8ab1e3b0bb56cd "$s" "$(id -u)" "$(cat /proc/sys/kernel/random/boot_id)"

CONTROL_0ced71f10a8ab1e3b0bb56cd status=0 uid=0 boot=fcf07b47-2b5d-4771-b4ae-17770cc41be6
root@asterinas-debug:/# python3 -c 'from pathlib import Path; import sys; p=Path("/run/lifecycle.offset"); n=int(p.read_text()) if p.exists() else 0; d=Path("/run/lifecycle.log").read_bytes(); sys.stdout.buffer.write(d[n:]); p.write_text(str(len(d)))'; s=$?; printf '\nCONTROL_%s status=%s uid=%s boot=%s\n' 11e0e984c2d329cc35ba0f73 "$s" "$(id -u)" "$(cat /proc/sys/kernel/random/boot_id)"
LIFECYCLE {"kind": "progress", "elapsed": 574.896, "value": {"active": [{"pid": "231", "cmd": "make results "}, {"pid": "234", "cmd": "/nix/store/16yz6y5x986j1qrb08c9bgbywdy5l9s7-rpcbind-riscv64-unknown-linux-gnu-1.2.6/bin/rpcbind -f "}, {"pid": "235", "cmd": "/nix/store/9plg9b18x3jmzjnh6vzxdpzgcw31mind-gnumake-riscv64-unknown-linux-gnu-4.4.1/bin/make --no-print-directory -f Makefile -o lmbench OS=riscv64-unknown-linux-gnu results "}, {"pid": "3306", "cmd": "lat_mem_rd -t -P 1 8 16 "}, {"pid": "3487", "cmd": "lat_mem_rd -t -P 1 8 16 "}]}}

CONTROL_11e0e984c2d329cc35ba0f73 status=0 uid=0 boot=fcf07b47-2b5d-4771-b4ae-17770cc41be6
root@asterinas-debug:/# python3 -c 'from pathlib import Path; import sys; p=Path("/run/lifecycle.offset"); n=int(p.read_text()) if p.exists() else 0; d=Path("/run/lifecycle.log").read_bytes(); sys.stdout.buffer.write(d[n:]); p.write_text(str(len(d)))'; s=$?; printf '\nCONTROL_%s status=%s uid=%s boot=%s\n' c51be1deafe104eda813af3d "$s" "$(id -u)" "$(cat /proc/sys/kernel/random/boot_id)"

CONTROL_c51be1deafe104eda813af3d status=0 uid=0 boot=fcf07b47-2b5d-4771-b4ae-17770cc41be6
root@asterinas-debug:/# python3 -c 'from pathlib import Path; import sys; p=Path("/run/lifecycle.offset"); n=int(p.read_text()) if p.exists() else 0; d=Path("/run/lifecycle.log").read_bytes(); sys.stdout.buffer.write(d[n:]); p.write_text(str(len(d)))'; s=$?; printf '\nCONTROL_%s status=%s uid=%s boot=%s\n' 1b0cf1a39a14b975df34a548 "$s" "$(id -u)" "$(cat /proc/sys/kernel/random/boot_id)"

CONTROL_1b0cf1a39a14b975df34a548 status=0 uid=0 boot=fcf07b47-2b5d-4771-b4ae-17770cc41be6
root@asterinas-debug:/# python3 -c 'from pathlib import Path; import sys; p=Path("/run/lifecycle.offset"); n=int(p.read_text()) if p.exists() else 0; d=Path("/run/lifecycle.log").read_bytes(); sys.stdout.buffer.write(d[n:]); p.write_text(str(len(d)))'; s=$?; printf '\nCONTROL_%s status=%s uid=%s boot=%s\n' e3f2c0c305bc912b03520f2f "$s" "$(id -u)" "$(cat /proc/sys/kernel/random/boot_id)"

CONTROL_e3f2c0c305bc912b03520f2f status=0 uid=0 boot=fcf07b47-2b5d-4771-b4ae-17770cc41be6
root@asterinas-debug:/# python3 -c 'from pathlib import Path; import sys; p=Path("/run/lifecycle.offset"); n=int(p.read_text()) if p.exists() else 0; d=Path("/run/lifecycle.log").read_bytes(); sys.stdout.buffer.write(d[n:]); p.write_text(str(len(d)))'; s=$?; printf '\nCONTROL_%s status=%s uid=%s boot=%s\n' c099c8a9eef83c253cba2347 "$s" "$(id -u)" "$(cat /proc/sys/kernel/random/boot_id)"
LIFECYCLE {"kind": "progress", "elapsed": 584.905, "value": {"active": [{"pid": "231", "cmd": "make results "}, {"pid": "234", "cmd": "/nix/store/16yz6y5x986j1qrb08c9bgbywdy5l9s7-rpcbind-riscv64-unknown-linux-gnu-1.2.6/bin/rpcbind -f "}, {"pid": "235", "cmd": "/nix/store/9plg9b18x3jmzjnh6vzxdpzgcw31mind-gnumake-riscv64-unknown-linux-gnu-4.4.1/bin/make --no-print-directory -f Makefile -o lmbench OS=riscv64-unknown-linux-gnu results "}, {"pid": "3306", "cmd": "lat_mem_rd -t -P 1 8 16 "}, {"pid": "3506", "cmd": "lat_mem_rd -t -P 1 8 16 "}]}}

CONTROL_c099c8a9eef83c253cba2347 status=0 uid=0 boot=fcf07b47-2b5d-4771-b4ae-17770cc41be6
root@asterinas-debug:/# python3 -c 'from pathlib import Path; import sys; p=Path("/run/lifecycle.offset"); n=int(p.read_text()) if p.exists() else 0; d=Path("/run/lifecycle.log").read_bytes(); sys.stdout.buffer.write(d[n:]); p.write_text(str(len(d)))'; s=$?; printf '\nCONTROL_%s status=%s uid=%s boot=%s\n' 76bd36050875987b5915a624 "$s" "$(id -u)" "$(cat /proc/sys/kernel/random/boot_id)"

CONTROL_76bd36050875987b5915a624 status=0 uid=0 boot=fcf07b47-2b5d-4771-b4ae-17770cc41be6
root@asterinas-debug:/# python3 -c 'from pathlib import Path; import sys; p=Path("/run/lifecycle.offset"); n=int(p.read_text()) if p.exists() else 0; d=Path("/run/lifecycle.log").read_bytes(); sys.stdout.buffer.write(d[n:]); p.write_text(str(len(d)))'; s=$?; printf '\nCONTROL_%s status=%s uid=%s boot=%s\n' 7d4421a821d749f07d4acc5f "$s" "$(id -u)" "$(cat /proc/sys/kernel/random/boot_id)"

CONTROL_7d4421a821d749f07d4acc5f status=0 uid=0 boot=fcf07b47-2b5d-4771-b4ae-17770cc41be6
root@asterinas-debug:/# python3 -c 'from pathlib import Path; import sys; p=Path("/run/lifecycle.offset"); n=int(p.read_text()) if p.exists() else 0; d=Path("/run/lifecycle.log").read_bytes(); sys.stdout.buffer.write(d[n:]); p.write_text(str(len(d)))'; s=$?; printf '\nCONTROL_%s status=%s uid=%s boot=%s\n' 9271ea9ab0b42fcc2d9bd13d "$s" "$(id -u)" "$(cat /proc/sys/kernel/random/boot_id)"

CONTROL_9271ea9ab0b42fcc2d9bd13d status=0 uid=0 boot=fcf07b47-2b5d-4771-b4ae-17770cc41be6
root@asterinas-debug:/# python3 -c 'from pathlib import Path; import sys; p=Path("/run/lifecycle.offset"); n=int(p.read_text()) if p.exists() else 0; d=Path("/run/lifecycle.log").read_bytes(); sys.stdout.buffer.write(d[n:]); p.write_text(str(len(d)))'; s=$?; printf '\nCONTROL_%s status=%s uid=%s boot=%s\n' 69b33bad232f748500e78b2d "$s" "$(id -u)" "$(cat /proc/sys/kernel/random/boot_id)"
LIFECYCLE {"kind": "progress", "elapsed": 594.953, "value": {"active": [{"pid": "231", "cmd": "make results "}, {"pid": "234", "cmd": "/nix/store/16yz6y5x986j1qrb08c9bgbywdy5l9s7-rpcbind-riscv64-unknown-linux-gnu-1.2.6/bin/rpcbind -f "}, {"pid": "235", "cmd": "/nix/store/9plg9b18x3jmzjnh6vzxdpzgcw31mind-gnumake-riscv64-unknown-linux-gnu-4.4.1/bin/make --no-print-directory -f Makefile -o lmbench OS=riscv64-unknown-linux-gnu results "}, {"pid": "3306", "cmd": "lat_mem_rd -t -P 1 8 16 "}, {"pid": "3527", "cmd": "lat_mem_rd -t -P 1 8 16 "}]}}

CONTROL_69b33bad232f748500e78b2d status=0 uid=0 boot=fcf07b47-2b5d-4771-b4ae-17770cc41be6
root@asterinas-debug:/# python3 -c 'from pathlib import Path; import sys; p=Path("/run/lifecycle.offset"); n=int(p.read_text()) if p.exists() else 0; d=Path("/run/lifecycle.log").read_bytes(); sys.stdout.buffer.write(d[n:]); p.write_text(str(len(d)))'; s=$?; printf '\nCONTROL_%s status=%s uid=%s boot=%s\n' a94def2c2c08d418a6d1e039 "$s" "$(id -u)" "$(cat /proc/sys/kernel/random/boot_id)"

CONTROL_a94def2c2c08d418a6d1e039 status=0 uid=0 boot=fcf07b47-2b5d-4771-b4ae-17770cc41be6
root@asterinas-debug:/# python3 -c 'from pathlib import Path; import sys; p=Path("/run/lifecycle.offset"); n=int(p.read_text()) if p.exists() else 0; d=Path("/run/lifecycle.log").read_bytes(); sys.stdout.buffer.write(d[n:]); p.write_text(str(len(d)))'; s=$?; printf '\nCONTROL_%s status=%s uid=%s boot=%s\n' 6cb2269284d170d5347c081d "$s" "$(id -u)" "$(cat /proc/sys/kernel/random/boot_id)"

CONTROL_6cb2269284d170d5347c081d status=0 uid=0 boot=fcf07b47-2b5d-4771-b4ae-17770cc41be6
root@asterinas-debug:/# python3 -c 'from pathlib import Path; import sys; p=Path("/run/lifecycle.offset"); n=int(p.read_text()) if p.exists() else 0; d=Path("/run/lifecycle.log").read_bytes(); sys.stdout.buffer.write(d[n:]); p.write_text(str(len(d)))'; s=$?; printf '\nCONTROL_%s status=%s uid=%s boot=%s\n' 25aea78cc68f62f38d3023eb "$s" "$(id -u)" "$(cat /proc/sys/kernel/random/boot_id)"

CONTROL_25aea78cc68f62f38d3023eb status=0 uid=0 boot=fcf07b47-2b5d-4771-b4ae-17770cc41be6
root@asterinas-debug:/# python3 -c 'from pathlib import Path; import sys; p=Path("/run/lifecycle.offset"); n=int(p.read_text()) if p.exists() else 0; d=Path("/run/lifecycle.log").read_bytes(); sys.stdout.buffer.write(d[n:]); p.write_text(str(len(d)))'; s=$?; printf '\nCONTROL_%s status=%s uid=%s boot=%s\n' 53c49e188b43c7f6ba1f403e "$s" "$(id -u)" "$(cat /proc/sys/kernel/random/boot_id)"
LIFECYCLE {"kind": "progress", "elapsed": 604.962, "value": {"active": []}}
LIFECYCLE {"kind": "artifact", "elapsed": 604.965, "value": {"path": "/opt/lmbench/asterinas-runs/run-96u_tqc0/rpcbind.log", "text": ""}}
LIFECYCLE {"kind": "artifact", "elapsed": 604.966, "value": {"path": "/opt/lmbench/asterinas-runs/run-96u_tqc0/stdout", "text": "=====================================================================\n\n\t\tL M B E N C H   C ON F I G U R A T I O N\n\t\t----------------------------------------\n\nYou need to configure some parameters to lmbench.  Once you have configured\nthese parameters, you may do multiple runs by saying\n\n\t\"make rerun\"\n\nin the src subdirectory.\n\nNOTICE: please do not have any other activity on the system if you can\nhelp it.  Things like the second hand on your xclock or X perfmeters\nare not so good when benchmarking.  In fact, X is not so good when\nbenchmarking.\n\n=====================================================================\n\nHang on, we are calculating your timing granularity.\nOK, it looks like you can time stuff down to 10000 usec resolution.\n\nHang on, we are calculating your timing overhead.\nOK, it looks like your gettimeofday() costs 0 usecs.\n\nHang on, we are calculating your loop overhead.\nOK, it looks like your benchmark loop costs 0.00000000 usecs.\n\n=====================================================================\n\nIf you are running on an MP machine and you want to try running\nmultiple copies of lmbench in parallel, you can specify how many here.\n\nUsing this option will make the benchmark run 100x slower (sorry).\n\nNOTE:  WARNING! This feature is experimental and many results are \n\tknown to be incorrect or random!\n\nMULTIPLE COPIES [default 1] Options to control job placement\n1) Allow scheduler to place jobs\n2) Assign each benchmark process with any attendent child processes\n   to its own processor\n3) Assign each benchmark process with any attendent child processes\n   to its own processor, except that it will be as far as possible\n   from other processes\n4) Assign each benchmark and attendent processes to their own\n   processors\n5) Assign each benchmark and attendent processes to their own\n   processors, except that they will be as far as possible from\n   each other and other processes\n6) Custom placement: you assign each benchmark process with attendent\n   child processes to processors\n7) Custom placement: you assign each benchmark and attendent\n   processes to processors\n\nNote: some benchmarks, such as bw_pipe, create attendent child\nprocesses for each benchmark process.  For example, bw_pipe\nneeds a second process to send data down the pipe to be read\nby the benchmark process.  If you have three copies of the\nbenchmark process running, then you actually have six processes;\nthree attendent child processes sending data down the pipes and \nthree benchmark processes reading data and doing the measurements.\n\nJob placement selection: =====================================================================\n\nSeveral benchmarks operate on a range of memory.  This memory should be\nsized such that it is at least 4 times as big as the external cache[s]\non your system.   It should be no more than 80% of your physical memory.\n\nThe bigger the range, the more accurate the results, but larger sizes\ntake somewhat longer to run the benchmark.\n\nMB [default 1428] Checking to see if you have 8 MB; please wait for a moment...\nWarning: you have only 8MB available memory.\nSome benchmark results will be less meaningful.\nHang on, we are calculating your cache line size.\nOK, it looks like your cache line is 64 bytes.\n\n=====================================================================\n\nlmbench measures a wide variety of system performance, and the full suite\nof benchmarks can take a long time on some platforms.  Consequently, we\noffer the capability to run only predefined subsets of benchmarks, one\nfor operating system specific benchmarks and one for hardware specific\nbenchmarks.  We also offer the option of running only selected benchmarks\nwhich is useful during operating system development.\n\nPlease remember that if you intend to publish the results you either need\nto do a full run or one of the predefined OS or hardware subsets.\n\nSUBSET (ALL|HARWARE|OS|DEVELOPMENT) [default all] =====================================================================\n\nThis benchmark measures, by default, memory latency for a number of\ndifferent strides.  That can take a long time and is most useful if you\nare trying to figure out your cache line size or if your cache line size\nis greater than 128 bytes.\n\nIf you are planning on sending in these results, please don't do a fast\nrun.\n\nAnswering yes means that we measure memory latency with a 128 byte stride.  \n\nFASTMEM [default no] =====================================================================\n\nThis benchmark measures, by default, file system latency.  That can\ntake a long time on systems with old style file systems (i.e., UFS,\nFFS, etc.).  Linux' ext2fs and Sun's tmpfs are fast enough that this\ntest is not painful.\n\nIf you are planning on sending in these results, please don't do a fast\nrun.\n\nIf you want to skip the file system latency tests, answer \"yes\" below.\n\nSLOWFS [default no] =====================================================================\n\nThis benchmark can measure disk zone bandwidths and seek times.  These can\nbe turned into whizzy graphs that pretty much tell you everything you might\nneed to know about the performance of your disk.  \n\nThis takes a while and requires read access to a disk drive.  \nWrite is not measured, see disk.c to see how if you want to do so.\n\nIf you want to skip the disk tests, hit return below.\n\nIf you want to include disk tests, then specify the path to the disk\ndevice, such as /dev/sda.  For each disk that is readable, you'll be\nprompted for a one line description of the drive, i.e., \n\n\tIomega IDE ZIP\nor\n\tHP C3725S 2GB on 10MB/sec NCR SCSI bus\n\nDISKS [default none] =====================================================================\n\nIf you are running on an idle network and there are other, identically\nconfigured systems, on the same wire (no gateway between you and them),\nand you have rsh access to them, then you should run the network part\nof the benchmarks to them.  Please specify any such systems as a space\nseparated list such as: ether-host fddi-host hippi-host.\n\nREMOTE [default none] =====================================================================\n\nCalculating mhz, please wait for a moment...\nI think your CPU mhz is \n\n\t5453 MHz, 0.1834 nanosec clock\n\t\nbut I am frequently wrong.  If that is the wrong Mhz, type in your\nbest guess as to your processor speed.  It doesn't have to be exact,\nbut if you know it is around 800, say 800.  \n\nPlease note that some processors, such as the P4, have a core which\nis double-clocked, so on those processors the reported clock speed\nwill be roughly double the advertised clock rate.  For example, a\n1.8GHz P4 may be reported as a 3592MHz processor.\n\nProcessor mhz [default 5453 MHz, 0.1834 nanosec clock] =====================================================================\n\nWe need a place to store a 8 Mbyte file as well as create and delete a\nlarge number of small files.  We default to /usr/tmp.  If /usr/tmp is a\nmemory resident file system (i.e., tmpfs), pick a different place.\nPlease specify a directory that has enough space and is a local file\nsystem.\n\nFSDIR [default /var/tmp] =====================================================================\n\nlmbench outputs status information as it runs various benchmarks.\nBy default this output is sent to /dev/tty, but you may redirect\nit to any file you wish (such as /dev/null...).\n\nStatus output file [default /dev/tty] =====================================================================\n\nThere is a database of benchmark results that is shipped with new\nreleases of lmbench.  Your results can be included in the database\nif you wish.  The more results the better, especially if they include\nremote networking.  If your results are interesting, i.e., for a new\nfast box, they may be made available on the lmbench web page, which is\n\n\thttp://www.bitmover.com/lmbench\n\nMail results [default yes] OK, no results mailed.\n=====================================================================\n\nConfguration done, thanks.\n\nThere is a mailing list for discussing lmbench hosted at BitMover. \nSend mail to majordomo@bitmover.com to join the list.\n\n"}}
LIFECYCLE {"kind": "artifact", "elapsed": 604.968, "value": {"path": "/opt/lmbench/asterinas-runs/run-96u_tqc0/stderr", "text": "2MB OK\n3MB OK\n4MB OK\n5MB OK\n6MB OK\n7MB OK\n8MB OK\n2MB OK\n3MB OK\n4MB OK\n5MB OK\n6MB OK\n7MB OK\n8MB OK\n2MB OK\n3MB OK\n4MB OK\n5MB OK\n6MB OK\n7MB OK\n8MB OK\n"}}
LIFECYCLE {"kind": "artifact", "elapsed": 604.968, "value": {"path": "/opt/lmbench/asterinas-runs/run-96u_tqc0/status.log", "text": "Using config in CONFIG.ubuntu-MS-7D76\nWed Sep 23 22:00:49 UTC 2026\nLatency measurements\nWed Sep 23 22:01:43 UTC 2026\nCalculating file system latency\nWed Sep 23 22:01:48 UTC 2026\nLocal networking\nWed Sep 23 22:04:52 UTC 2026\nBandwidth measurements\nWed Sep 23 22:06:13 UTC 2026\nCalculating context switch overhead\nWed Sep 23 22:06:27 UTC 2026\nCalculating effective TLB size\nWed Sep 23 22:06:30 UTC 2026\nCalculating memory load parallelism\nWed Sep 23 22:07:00 UTC 2026\nMcCalpin's STREAM benchmark\nWed Sep 23 22:07:03 UTC 2026\nCalculating memory load latency\nWed Sep 23 22:10:37 UTC 2026\n"}}
LIFECYCLE {"kind": "artifact", "elapsed": 604.969, "value": {"path": "/opt/lmbench/asterinas-runs/run-96u_tqc0/native-results.txt", "text": "[lmbench3.0 results for Linux ubuntu-MS-7D76 5.13.0 #1 SMP Thu Jan 1 00:00:00 UTC 1970 riscv64 GNU/Linux]\n[LMBENCH_VER: ]\n[BENCHMARK_HARDWARE: YES]\n[BENCHMARK_OS: YES]\n[ALL: 512 1k 2k 4k 8k 16k 32k 64k 128k 256k 512k 1m 2m 4m 8m]\n[DISKS: ]\n[DISK_DESC: ]\n[ENOUGH: 10000]\n[FAST: ]\n[FASTMEM: YES]\n[FILE: /opt/lmbench/asterinas-runs/run-96u_tqc0/fs/XXX]\n[FSDIR: /opt/lmbench/asterinas-runs/run-96u_tqc0/fs]\n[HALF: 512 1k 2k 4k 8k 16k 32k 64k 128k 256k 512k 1m 2m 4m]\n[INFO: INFO.ubuntu-MS-7D76]\n[LINE_SIZE: 64]\n[LOOP_O: 0.00000000]\n[MB: 8]\n[MHZ: 5453 MHz, 0.1834 nanosec clock]\n[MOTHERBOARD: ]\n[NETWORKS: ]\n[PROCESSORS: 4]\n[REMOTE: ]\n[SLOWFS: NO]\n[OS: riscv64-unknown-linux-gnu]\n[SYNC_MAX: 1]\n[LMBENCH_SCHED: DEFAULT]\n[TIMING_O: 0]\n[LMBENCH VERSION: lmbench-3alpha4]\n[USER: root]\n[HOSTNAME: ubuntu-MS-7D76]\n[NODENAME: ubuntu-MS-7D76]\n[SYSNAME: Linux]\n[PROCESSOR: unknown]\n[MACHINE: riscv64]\n[RELEASE: 5.13.0]\n[VERSION: #1 SMP Thu Jan 1 00:00:00 UTC 1970]\n[Wed Sep 23 22:00:49 UTC 2026]\n[ 22:00:49 up 0 min, 0 users, load average: 0.00, 0.00, 0.00]\n[net: Kernel Interface table]\n[net: Iface             MTU    RX-OK RX-ERR RX-DRP RX-OVR    TX-OK TX-ERR TX-DRP TX-OVR Flg]\n[net: eth0             1500       16      0      0 0             5      0      0      0 BMRU]\n[if: eth0: flags=4163<UP,BROADCAST,RUNNING,MULTICAST>  mtu 1500]\n[if: inet 10.0.2.15  netmask 255.255.255.0  broadcast 10.0.2.255]\n[if: ether 52:54:00:12:34:56  (Ethernet)]\n[if: RX packets 16  bytes 1116 (1.0 KiB)]\n[if: RX errors 0  dropped 0  overruns 0  frame 0]\n[if: TX packets 5  bytes 376 (376.0 B)]\n[if: TX errors 0  dropped 0 overruns 0  carrier 0  collisions 0]\n[if: ]\n[net: lo              65535        3      0      0 0             3      0      0      0 LRU]\n[if: lo: flags=73<UP,LOOPBACK,RUNNING>  mtu 65535]\n[if: inet 127.0.0.1  netmask 255.0.0.0]\n[if: loop  (Local Loopback)]\n[if: RX packets 3  bytes 132 (132.0 B)]\n[if: RX errors 0  dropped 0  overruns 0  frame 0]\n[if: TX packets 3  bytes 132 (132.0 B)]\n[if: TX errors 0  dropped 0 overruns 0  carrier 0  collisions 0]\n[if: ]\n[mount: /dev/vdb on / type ext2 (rw,relatime)]\n[mount: proc on /proc type proc (rw,nosuid,nodev,noexec,relatime)]\n[mount: sysfs on /sys type sysfs (rw,nosuid,nodev,noexec,relatime)]\n[mount: sysfs on /sys type sysfs (rw,relatime)]\n[mount: cgroup2 on /sys/fs/cgroup type cgroup2 (rw,nosuid,nodev,noexec,relatime)]\n[mount: configfs on /sys/kernel/config type configfs (rw,nosuid,nodev,noexec,relatime)]\n[mount: tmpfs on /tmp type tmpfs (rw,relatime)]\n[mount: ramfs on /dev type ramfs (rw,relatime)]\n[mount: devpts on /dev/pts type devpts (rw,nosuid,noexec,relatime)]\n[mount: tmpfs on /dev/shm type tmpfs (rw,nosuid,nodev,strictatime)]\n[mount: tmpfs on /run type tmpfs (rw,relatime)]\n[mount: tmpfs on /run/lock type tmpfs (rw,nosuid,nodev,noexec,relatime)]\n[mount: rootfs on /run/asterinas-tools type rootfs (rw,relatime)]\n[mount: tmpfs on /var/lib/xkb type tmpfs (rw,nosuid,nodev,relatime)]\n[mount: tmpfs on /home/asterinas type tmpfs (rw,relatime)]\nSimple syscall: 4.0335 microseconds\nSimple read: 5.4578 microseconds\nSimple write: 5.0933 microseconds\nSimple stat: 20.8167 microseconds\nSimple fstat: 5.3455 microseconds\nSimple open/close: 30.8543 microseconds\nSelect on 10 fd's: 11.4584 microseconds\nSelect on 100 fd's: 15.1597 microseconds\nSelect on 250 fd's: 23.6765 microseconds\nSelect on 500 fd's: 35.8997 microseconds\nSelect on 10 tcp fd's: 13.0398 microseconds\nSelect on 100 tcp fd's: 19.4912 microseconds\nSelect on 250 tcp fd's: 31.0054 microseconds\nSelect on 500 tcp fd's: 48.0647 microseconds\nSignal handler installation: 5.1048 microseconds\nSignal handler overhead: 15.9600 microseconds\nProtection fault: 24.7082 microseconds\nPipe latency: 65.3981 microseconds\nAF_UNIX sock stream latency: 170.1324 microseconds\nProcess fork+exit: 1793.0000 microseconds\nProcess fork+execve: 8448.5000 microseconds\nProcess fork+/bin/sh -c: 12535.0000 microseconds\ninteger bit: 0.13 nanoseconds\ninteger add: 0.01 nanoseconds\ninteger mul: 0.11 nanoseconds\ninteger div: 3.25 nanoseconds\ninteger mod: 3.93 nanoseconds\nint64 bit: 0.13 nanoseconds\nint64 add: 0.01 nanoseconds\nint64 mul: 0.06 nanoseconds\nint64 div: 3.26 nanoseconds\nint64 mod: 3.41 nanoseconds\nfloat add: 3.22 nanoseconds\nfloat mul: 3.13 nanoseconds\nfloat div: 4.25 nanoseconds\ndouble add: 2.95 nanoseconds\ndouble mul: 2.54 nanoseconds\ndouble div: 4.02 nanoseconds\nfloat bogomflops: 13.16 nanoseconds\ndouble bogomflops: 11.04 nanoseconds\ninteger bit parallelism: 2.94\ninteger add parallelism: 2.57\ninteger mul parallelism: 3.38\ninteger div parallelism: 2.45\ninteger mod parallelism: 3.09\nint64 bit parallelism: 20.56\nint64 add parallelism: 2.12\nint64 mul parallelism: 2.30\nint64 div parallelism: 2.55\nint64 mod parallelism: 2.97\nfloat add parallelism: 1.16\nfloat mul parallelism: 1.05\nfloat div parallelism: 1.49\ndouble add parallelism: 1.24\ndouble mul parallelism: 1.10\ndouble div parallelism: 1.59\nFile /opt/lmbench/asterinas-runs/run-96u_tqc0/fs/XXX write bandwidth: 48186 KB/sec\nPagefaults on /opt/lmbench/asterinas-runs/run-96u_tqc0/fs/XXX: 1.0349 microseconds\n\n\"mappings\n0.524288 86\n1.048576 114\n2.097152 173\n4.194304 303\n8.388608 449\n\n\"File system latency\n0k\t64\t6202\t18464\n1k\t27\t2671\t16840\n4k\t37\t3442\t16575\n10k\t26\t2301\t16863\n\nserverhost: 127.0.0.1\nserverhost: 127.0.0.1\nserverhost: 127.0.0.1\nUDP latency using localhost: 33381.0323 microseconds\nTCP latency using localhost: 235.2490 microseconds\nRPC/udp latency using localhost: 383.6934 microseconds\nRPC/tcp latency using localhost: 782.6068 microseconds\nTCP/IP connection cost to localhost: 416.3600 microseconds\n\nSocket bandwidth using localhost\n0.000001 0.03 MB/sec\n0.000064 0.88 MB/sec\n0.000128 1.79 MB/sec\n0.000256 3.50 MB/sec\n0.000512 6.94 MB/sec\n0.001024 13.15 MB/sec\n0.001437 18.95 MB/sec\n10.485760 3.86 MB/sec\n\nAvg xfer: 3.2KB, 41.8KB in 20.7110 millisecs, 2.02 MB/sec\nAF_UNIX sock stream bandwidth: 139.32 MB/sec\nPipe bandwidth: 205.86 MB/sec\n\n\"read bandwidth\n0.000512 30.21\n0.001024 57.65\n0.002048 103.58\n0.004096 165.10\n0.008192 254.88\n0.016384 334.88\n0.032768 397.30\n0.065536 437.63\n0.131072 290.73\n0.262144 401.23\n0.524288 440.02\n1.05 362.67\n2.10 353.38\n4.19 438.69\n8.39 366.84\n\n\"read open2close bandwidth\n0.000512 12.06\n0.001024 23.33\n0.002048 44.96\n0.004096 83.22\n0.008192 139.29\n0.016384 212.52\n0.032768 262.65\n0.065536 367.26\n0.131072 276.65\n0.262144 378.89\n0.524288 429.35\n1.05 426.49\n2.10 361.05\n4.19 441.34\n8.39 364.91\n\n\n\"Mmap read bandwidth\n0.000512 5371.66\n0.001024 8408.83\n0.002048 9463.01\n0.004096 11615.26\n0.008192 12946.73\n0.016384 13689.06\n0.032768 6217.36\n0.065536 14348.19\n0.131072 14484.85\n0.262144 14457.08\n0.524288 14396.39\n1.05 13763.10\n2.10 8966.45\n4.19 13869.80\n8.39 8990.13\n\n\"Mmap read open2close bandwidth\n0.000512 4.83\n0.001024 9.40\n0.002048 18.78\n0.004096 38.18\n0.008192 73.69\n0.016384 138.55\n0.032768 258.48\n0.065536 457.99\n0.131072 778.99\n0.262144 1193.89\n0.524288 1615.75\n1.05 2065.09\n2.10 2398.43\n4.19 2751.94\n8.39 2923.37\n\n\n\"libc bcopy unaligned\n0.000512 3458.91\n0.001024 4825.95\n0.002048 5836.98\n0.004096 6012.22\n0.008192 6860.74\n0.016384 6696.79\n0.032768 6545.12\n0.065536 6985.29\n0.131072 6837.39\n0.262144 6733.31\n0.524288 5255.19\n1.05 5214.02\n2.10 4561.41\n4.19 4548.73\n\n\"libc bcopy aligned\n0.000512 3540.59\n0.001024 4786.62\n0.002048 5602.28\n0.004096 6545.33\n0.008192 6874.86\n0.016384 6829.50\n0.032768 6465.94\n0.065536 6839.15\n0.131072 6964.56\n0.262144 6940.88\n0.524288 612.93\n1.05 608.22\n2.10 616.63\n4.19 615.86\n\nMemory bzero bandwidth\n0.000512 7348.34\n0.001024 10465.03\n0.002048 11649.31\n0.004096 14234.65\n0.008192 15461.86\n0.016384 15685.35\n0.032768 15860.76\n0.065536 15881.08\n0.131072 15431.64\n0.262144 15451.81\n0.524288 15175.03\n1.05 6625.74\n2.10 10528.98\n4.19 15238.50\n8.39 9525.02\n\n\"unrolled bcopy unaligned\n0.000512 3381.81\n0.001024 3300.59\n0.002048 3460.24\n0.004096 3466.80\n0.008192 3256.70\n0.016384 3358.35\n0.032768 3475.62\n0.065536 3436.86\n0.131072 2818.49\n0.262144 3501.64\n0.524288 3539.94\n1.05 2495.92\n2.10 3340.04\n4.19 3426.41\n\n\"unrolled partial bcopy unaligned\n0.000512 15198.76\n0.001024 15052.51\n0.002048 16321.05\n0.004096 16146.08\n0.008192 16851.06\n0.016384 16091.45\n0.032768 14640.77\n0.065536 15409.11\n0.131072 10075.38\n0.262144 15729.12\n0.524288 9619.52\n1.05 9293.45\n2.10 7474.77\n4.19 7185.27\n\nMemory read bandwidth\n0.000512 6658.87\n0.001024 6547.46\n0.002048 6460.19\n0.004096 6623.68\n0.008192 6438.03\n0.016384 6388.09\n0.032768 6588.91\n0.065536 6663.60\n0.131072 6431.21\n0.262144 6628.88\n0.524288 6609.66\n1.05 4993.22\n2.10 4941.37\n4.19 5098.13\n8.39 4978.40\n\nMemory partial read bandwidth\n0.000512 24813.49\n0.001024 23730.03\n0.002048 25834.66\n0.004096 25928.97\n0.008192 25612.84\n0.016384 25644.04\n0.032768 25676.86\n0.065536 25481.40\n0.131072 25550.58\n0.262144 25487.53\n0.524288 25102.64\n1.05 13009.63\n2.10 12778.35\n4.19 13211.00\n8.39 12883.40\n\nMemory write bandwidth\n0.000512 8806.10\n0.001024 8707.41\n0.002048 9108.03\n0.004096 9589.57\n0.008192 9510.34\n0.016384 9579.22\n0.032768 8712.90\n0.065536 8773.41\n0.131072 8904.79\n0.262144 8663.58\n0.524288 8775.70\n1.05 5972.60\n2.10 6145.80\n4.19 6111.77\n8.39 5946.20\n\nMemory partial write bandwidth\n0.000512 29330.21\n0.001024 30259.37\n0.002048 24581.78\n0.004096 14835.60\n0.008192 30518.53\n0.016384 35555.78\n0.032768 33950.17\n0.065536 32384.54\n0.131072 32316.95\n0.262144 32018.98\n0.524288 32106.02\n1.05 31803.63\n2.10 31369.29\n4.19 14879.85\n8.39 14989.03\n\nMemory partial read/write bandwidth\n0.000512 14666.73\n0.001024 15233.20\n0.002048 15831.79\n0.004096 7078.29\n0.008192 15357.41\n0.016384 16075.27\n0.032768 15924.05\n0.065536 15493.30\n0.131072 15615.87\n0.262144 15566.38\n0.524288 15204.82\n1.05 9919.96\n2.10 9500.78\n4.19 9793.37\n8.39 9666.86\n\n\n\n\"size=0k ovr=10.95\n2 19.68\n4 40.10\n8 68.43\n16 63.03\n24 64.75\n32 68.63\n64 68.15\n96 62.17\n\n\"size=4k ovr=11.62\n2 24.05\n4 40.13\n8 68.44\n16 62.66\n24 63.69\n32 64.03\n64 63.04\n96 63.29\n\n\"size=8k ovr=11.37\n2 17.86\n4 22.40\n8 58.49\n16 62.46\n24 59.30\n32 64.30\n64 60.11\n96 63.08\n\n\"size=16k ovr=12.16\n2 24.99\n4 23.58\n8 66.74\n16 64.11\n24 64.11\n32 67.21\n64 61.78\n96 62.80\n\n\"size=32k ovr=13.38\n2 18.72\n4 29.03\n8 75.35\n16 77.95\n24 74.29\n32 67.26\n64 72.48\n96 69.10\n\n\"size=64k ovr=15.40\n2 19.33\n4 49.78\n8 59.60\n16 66.74\n24 68.14\n32 62.71\n64 70.24\n96 66.42\n\ntlb: 64 pages\n\nMemory load parallelism\n0.001024 3.87\n0.002048 3.93\n0.004096 3.92\n0.008192 4.10\n0.016384 4.05\n0.032768 4.00\n0.065536 5.23\n0.131072 5.28\n0.262144 5.53\n0.524288 5.03\n1.048576 5.15\n2.097152 6.56\n4.194304 6.59\n8.388608 6.18\n\nSTREAM copy latency: 2.02 nanoseconds\nSTREAM copy bandwidth: 7930.98 MB/sec\nSTREAM scale latency: 6.15 nanoseconds\nSTREAM scale bandwidth: 2600.63 MB/sec\nSTREAM add latency: 4.44 nanoseconds\nSTREAM add bandwidth: 5406.52 MB/sec\nSTREAM triad latency: 8.03 nanoseconds\nSTREAM triad bandwidth: 2988.19 MB/sec\nSTREAM2 fill latency: 1.14 nanoseconds\nSTREAM2 fill bandwidth: 7045.45 MB/sec\nSTREAM2 copy latency: 2.03 nanoseconds\nSTREAM2 copy bandwidth: 7866.33 MB/sec\nSTREAM2 daxpy latency: 7.42 nanoseconds\nSTREAM2 daxpy bandwidth: 3236.34 MB/sec\nSTREAM2 sum latency: 4.69 nanoseconds\nSTREAM2 sum bandwidth: 1706.04 MB/sec\n\nMemory load latency\n\"stride=128\n0.00049 2.000\n0.00098 1.985\n0.00195 1.992\n0.00293 2.000\n0.00391 1.980\n0.00586 1.983\n0.00781 2.000\n0.00977 1.995\n0.01172 1.991\n0.01367 1.986\n0.01562 2.065\n0.01758 2.013\n0.01953 2.011\n0.02148 2.018\n0.02344 2.062\n0.02539 2.137\n0.02734 2.181\n0.02930 2.141\n0.03125 2.122\n0.03516 3.011\n0.03906 3.123\n0.04297 3.026\n0.04688 3.370\n0.05078 3.132\n0.05469 3.171\n0.05859 3.071\n0.06250 3.069\n0.07031 3.241\n0.07812 3.040\n0.08594 3.110\n0.09375 3.074\n0.10156 2.972\n0.10938 3.218\n0.11719 2.977\n0.12500 3.247\n0.14062 3.135\n0.15625 3.017\n0.17188 2.990\n0.18750 3.175\n0.20312 3.232\n0.21875 3.187\n0.23438 3.348\n0.25000 3.148\n0.28125 3.202\n0.31250 3.193\n0.34375 3.370\n0.37500 3.265\n0.40625 3.270\n0.43750 3.376\n0.46875 3.702\n0.50000 3.407\n0.56250 3.835\n0.62500 4.230\n0.68750 4.141\n0.75000 4.275\n0.81250 4.746\n0.87500 4.199\n0.93750 5.619\n1.00000 5.015\n1.12500 5.068\n1.25000 5.598\n1.37500 5.618\n1.50000 5.802\n1.62500 6.007\n1.75000 5.796\n1.87500 10.011\n2.00000 5.583\n2.25000 5.509\n2.50000 5.725\n2.75000 5.765\n3.00000 5.882\n3.25000 5.856\n3.50000 5.719\n3.75000 10.033\n4.00000 5.747\n4.50000 10.177\n5.00000 10.384\n5.50000 5.433\n6.00000 5.469\n6.50000 5.533\n7.00000 10.020\n7.50000 5.721\n8.00000 6.144\n\n\nRandom load latency\n\"stride=16\n0.00049 2.052\n0.00098 1.995\n0.00195 1.969\n0.00293 2.069\n0.00391 1.970\n0.00586 2.038\n0.00781 2.033\n0.00977 2.068\n0.01172 2.065\n0.01367 2.039\n0.01562 2.064\n0.01758 1.960\n0.01953 2.109\n0.02148 1.977\n0.02344 2.263\n0.02539 2.096\n0.02734 2.234\n0.02930 2.057\n0.03125 2.270\n0.03516 3.819\n0.03906 3.653\n0.04297 3.866\n0.04688 3.844\n0.05078 3.853\n0.05469 3.703\n0.05859 3.690\n0.06250 4.475\n0.07031 4.680\n0.07812 3.869\n0.08594 5.393\n0.09375 6.025\n0.10156 4.785\n0.10938 4.869\n0.11719 5.086\n0.12500 3.707\n0.14062 5.813\n0.15625 5.589\n0.17188 4.771\n0.18750 3.737\n0.20312 5.426\n0.21875 4.114\n0.23438 5.713\n0.25000 6.006\n0.28125 6.302\n0.31250 38.679\n0.34375 22.087\n0.37500 5.341\n0.40625 59.164\n0.43750 46.133\n0.46875 5.475\n0.50000 5.231\n0.56250 65.754\n0.62500 5.534\n0.68750 70.478\n0.75000 7.273\n0.81250 81.345\n0.87500 22.276\n0.93750 8.512\n1.00000 131.283\n1.12500 63.863\n1.25000 66.313\n1.37500 76.147\n1.50000 79.350\n1.62500 81.104\n1.75000 80.315\n1.87500 91.889\n2.00000 12.648\n2.25000 12.664\n2.50000 55.646\n2.75000 67.292\n3.00000 121.899\n3.25000 69.499\n3.50000 12.993\n3.75000 13.000\n4.00000 13.073\n4.50000 13.476\n5.00000 13.133\n5.50000 13.192\n6.00000 13.348\n6.50000 13.312\n7.00000 13.926\n7.50000 13.259\n8.00000 13.157\n\n\n\n[Wed Sep 23 22:10:37 UTC 2026]\n"}}
LIFECYCLE {"kind": "artifact", "elapsed": 604.971, "value": {"path": "/opt/lmbench/asterinas-runs/run-96u_tqc0/CONFIG", "text": "DISKS=\"\"\nDISK_DESC=\"\"\nOUTPUT=/opt/lmbench/asterinas-runs/run-96u_tqc0/status.log\nENOUGH=10000\nFASTMEM=\"YES\"\nFILE=/opt/lmbench/asterinas-runs/run-96u_tqc0/fs/XXX\nFSDIR=/opt/lmbench/asterinas-runs/run-96u_tqc0/fs\nINFO=INFO.ubuntu-MS-7D76\nLINE_SIZE=64\nLOOP_O=0.00000000\nMAIL=no\nTOTAL_MEM=2040\nMB=8\nMHZ=\"5453 MHz, 0.1834 nanosec clock\"\nMOTHERBOARD=\"\"\nNETWORKS=\"\"\nOS=\"riscv64-unknown-linux-gnu\"\nPROCESSORS=\"4\"\nREMOTE=\"\"\nSLOWFS=\"NO\"\nSYNC_MAX=\"1\"\nLMBENCH_SCHED=\"DEFAULT\"\nTIMING_O=0\nRSH=rsh\nRCP=rcp\nVERSION=lmbench-3alpha4\nBENCHMARK_HARDWARE=YES\nBENCHMARK_OS=YES\nBENCHMARK_SYSCALL=\nBENCHMARK_SELECT=\nBENCHMARK_PROC=\nBENCHMARK_CTX=\nBENCHMARK_PAGEFAULT=\nBENCHMARK_FILE=\nBENCHMARK_MMAP=\nBENCHMARK_PIPE=\nBENCHMARK_UNIX=\nBENCHMARK_UDP=\nBENCHMARK_TCP=\nBENCHMARK_CONNECT=\nBENCHMARK_RPC=\nBENCHMARK_HTTP=\nBENCHMARK_BCOPY=\nBENCHMARK_MEM=\nBENCHMARK_OPS=\n"}}
LIFECYCLE {"kind": "artifact", "elapsed": 604.972, "value": {"path": "/opt/lmbench/asterinas-runs/run-96u_tqc0/report.json", "text": "{\n  \"passed\": true,\n  \"revision\": \"afb47eddaf10a411c1ea3cb64965461f1308a6ea\",\n  \"output\": \"/opt/lmbench/asterinas-runs/run-96u_tqc0\",\n  \"uname\": [\n    \"Linux\",\n    \"ubuntu-MS-7D76\",\n    \"5.13.0\",\n    \"#1 SMP Thu Jan  1 00:00:00 UTC 1970\",\n    \"riscv64\"\n  ],\n  \"adaptations\": [\n    \"explicit IPv4 loopback server arguments\",\n    \"grep -E instead of the egrep shell wrapper\",\n    \"skip modern netstat interface-table headers\"\n  ],\n  \"binary_sha256\": {\n    \"bw_pipe\": \"9a663b3cf7029e1af1bedc3c8b098449886bea5a73835c61ee65775ae27927e8\",\n    \"flushdisk\": \"5e766e43d3ab32378a3eeec990c04530f5ace8111ab83a65208fd05bd55e3155\",\n    \"bw_mmap_rd\": \"0575ec36ed7a1f68cb9fa48547b7e55b241f55c43c4b01217c001bb7c8e5b447\",\n    \"lat_dram_page\": \"78e9d71fa50c345799c4604489fbc585058fc44a55a7c2c78d9ac24581e0314b\",\n    \"lib_debug.o\": \"7e0c99b485c040c665cba505f4cc5f47880e3f539b5b17cc59bc94aa8087fc37\",\n    \"loop_o\": \"f695651b2600825e22d2ccd4f432e7556599869c474c29701f7f4966d5209ec5\",\n    \"lib_timing.o\": \"bcd2f51cbd127ab23e8c3f5e7cc4be49883175b875e14fe04dfbecb63b814671\",\n    \"lat_mmap\": \"655299edfe4a4be05e8b129c0324eb673c61bfd876e292bfdb685c61838bde78\",\n    \"lat_pagefault\": \"ab14d4bfa26e5a0384ed0678ffa35d9f73c065d1ff295ab62c772a228db3fdaa\",\n    \"par_ops\": \"0dd2565f3fbcc38ba4bae69217552b08baf41564c6f64cf4b5ecb366caca5058\",\n    \"lat_fifo\": \"7ab3c96eb187bef6876fdd87e3290c24c8b2d80ebd51aa6af6e3e7a27e9f2e77\",\n    \"mhz\": \"2e664d2fe76a0a3192820e3cfa480ba0fe6cc8de8d251123c9497edd637159e3\",\n    \"bw_file_rd\": \"1b1d776a4774cba03acfdf49b05112446162f77226f72dd67b72b8aae31e9fce\",\n    \"enough\": \"a685df10c7ce692e247e37fb6d68fdc7970ece3f4ed28700e79f3891d213a8da\",\n    \"lat_usleep\": \"6721c8192b8d7a06cbb1ecde61b888da5b19865d0a96c5d1c9a4148cf40e7ac4\",\n    \"lib_sched.o\": \"6faa10e8a5df83ab0dee5ab2f76c4de2dd8f6c5f0fe3b6beccd26134054bb471\",\n    \"memsize\": \"a1d47b29d20c0ef2192f69298f58921dcebd6f4181bd98523996837971b117e8\",\n    \"hello\": \"8a8f6e16edaa74f6b70d06555f8dd13d7ba4629100e834dcdb7494e7590b430c\",\n    \"lib_tcp.o\": \"e6207d5b1983387525b60920d14f373b165e9283c0370cdaf6730d832f4e0f34\",\n    \"lat_ops\": \"d038edf2b9c446f62c4ad1d5a26b0071d179eb8eb9af44f758fb6569b0f0b77c\",\n    \"par_mem\": \"dffd5b50fb5659bd8c87c5258f27f048b20ece7d5365ac99ccbd643d47bf6b0a\",\n    \"lat_http\": \"6cb15480d489624df8fefeb1b6749df37dd28023d86949cb79004a1a1b02afd1\",\n    \"msleep\": \"bb50b58999d1e8a74438cff51bbd256c8f9b6fd2462e209e471085dca79e1f18\",\n    \"line\": \"e2aa02ccb5a45667e1dbf8f3d9e9819a77a5178ebf4c0119ae1926eee15b9c7f\",\n    \"lat_mem_rd\": \"08f1851023dd010f038c0328e109a6b3841782bbc8a83974517d581bd08bdd75\",\n    \"lib_stats.o\": \"80c2aece430a03ebaee3926670cc4c9470ad510dceef59e81995e834d624fb30\",\n    \"lat_syscall\": \"78c53462312dd1ca2a271cb06a9902564150219040b4c592e44fc263304d3673\",\n    \"lmdd\": \"7d28183910606d8d1d4914a1d528fd9fa62e7cbc77616925bb94fcc64e1d3d80\",\n    \"getopt.o\": \"29db516b16aa3db2c8a4585bb0789858a0b32c5149fe960556fbce75bda43158\",\n    \"lmhttp\": \"8dbd00720e77684ca8f4233a793160e91fc6281e4d8238a59d9eaed866bc5d3a\",\n    \"lat_rpc\": \"baad9f0281f2e948eda0f950acc2fd8506530ccbbf676167cc4a7c19c0dd3908\",\n    \"bw_tcp\": \"e687a5eb6fe4e70925e704038d1341f6f85a3897127d2ab00b18e506bb872679\",\n    \"lib_udp.o\": \"0f4935b1860bb0612599009ee421de72206a62355648a4e8abc66d0570092af0\",\n    \"lat_sig\": \"72c2701a3f8cf655f2453950c931da8e4c3637765aceb276d6ec4bbef7541a7f\",\n    \"lat_rand\": \"d4999838facc4c24178028fe7ab3801b66a99748d86f0f0f1c8268c94888a175\",\n    \"lat_sem\": \"5eda856d6e2b4d40ae76970ead67c1cc61e356b8f5e98adaa79090237cc6933c\",\n    \"lat_udp\": \"a57f785a430d194589c887218182f2ecbaad2b574ef31d89dbb49f537176303e\",\n    \"stream\": \"e3dd758c6db4ed9dd060217dcdc966999ffd65c1eb343d5768ddece5e5f15969\",\n    \"lat_cmd\": \"f13f5aeff8201b1db60a1eee3a024517a6dcbba579b48e566afe81b131bc843f\",\n    \"lat_fcntl\": \"a7a23f74cb9a7a9f93ea4e151d2bd4c668ac4a87dd15a8c74ffd6c780da7a931\",\n    \"lat_proc\": \"08d49de0c8c56100894ac99b692b26cf8933b784938ab5b31656267dbf5260c8\",\n    \"bw_unix\": \"18dcffafa3e5083ad9a4b6fd8096e3ecd0a35740edc621591976b0dd89d53eec\",\n    \"lat_fs\": \"b6d9ba7982fc28575015686308dcf8af1a7202dbc2b9e8b1c837e64d6a42a5d3\",\n    \"lat_pmake\": \"b397f914e7b0907657f6c9af368a6e26771c5c30872d409ccea50d8b878db717\",\n    \"lat_unix\": \"f9755bc0d7af6ca28ae6f71a566d592917ddcde5a0a07396f6ce074d24ea65e8\",\n    \"bw_mem\": \"65da5ccb1bf084843bd15c9585175f90acd75e7111358e0cd8bb24892c3506eb\",\n    \"tlb\": \"d0575959151850aa4da1ccc4a0f57b11130edf5aa9191d4f8e2f56c683ec5119\",\n    \"disk\": \"4fa74bb2b9c2e9122ca461b95be5795b4a622d47e934efd003de8a43ae1460e1\",\n    \"lat_tcp\": \"363307ce2ce8a41259c2859f731a1b7588f0861f47058ee954782c4cdd4b77e3\",\n    \"lat_ctx\": \"d3b2a6ff6bab80a5163b0cd669fe114c7d3a545bbfca68fdc56e5b9cfa0a4b88\",\n    \"lat_select\": \"da9833e0e60e4d8eaf8517bb768cba4556b727ab324300f6e2a6a93a09965abc\",\n    \"lat_pipe\": \"c7beb523f0bf9d98dd78862fa453d2363f6c903f89d79b4f231725a840a98a88\",\n    \"lib_mem.o\": \"5df205a7f7c9fefe587b784bd24d8ff05b9adbdaa7933fde14da1d1edc37f9c7\",\n    \"lat_unix_connect\": \"4b65fe6b2dee34f5c1092faa711a1fc9318aff2243c1fbaa11d3ca650b7bf391\",\n    \"lat_connect\": \"ebc904d15d56777b2534ec07f79ef02bf1d43157ae6fe1d61104ed51c7c4657d\",\n    \"cache\": \"086b2d870cc84a296ba94b639747e847921a13d1bcb66981468699d361f82f80\",\n    \"timing_o\": \"76bd4bf604d97cc9f55457e660870e821c1f29948cd2b30aeb7f232d95378af4\",\n    \"lib_unix.o\": \"7134e6ce260d3eae260e84b187bb7e6794ccfa662949f3f9192429369ac50f8f\"\n  },\n  \"argv\": [\n    \"/nix/store/9plg9b18x3jmzjnh6vzxdpzgcw31mind-gnumake-riscv64-unknown-linux-gnu-4.4.1/bin/make\",\n    \"--no-print-directory\",\n    \"-f\",\n    \"Makefile\",\n    \"-o\",\n    \"lmbench\",\n    \"OS=riscv64-unknown-linux-gnu\",\n    \"results\"\n  ],\n  \"native_exit_status\": 0,\n  \"timed_out\": false,\n  \"observed\": [\n    \"syscall-null\",\n    \"syscall-read\",\n    \"syscall-write\",\n    \"syscall-stat\",\n    \"syscall-fstat\",\n    \"syscall-open\",\n    \"select-10\",\n    \"select-100\",\n    \"select-250\",\n    \"select-500\",\n    \"select-tcp-10\",\n    \"select-tcp-100\",\n    \"select-tcp-250\",\n    \"select-tcp-500\",\n    \"signal-install\",\n    \"signal-catch\",\n    \"signal-prot\",\n    \"pipe-lat\",\n    \"unix-lat\",\n    \"unix-bw\",\n    \"pipe-bw\",\n    \"udp-lat\",\n    \"tcp-lat\",\n    \"rpc-udp\",\n    \"rpc-tcp\",\n    \"tcp-connect\",\n    \"process-fork\",\n    \"process-exec\",\n    \"process-shell\",\n    \"integer bit\",\n    \"integer bit-parallelism\",\n    \"integer add\",\n    \"integer add-parallelism\",\n    \"integer mul\",\n    \"integer mul-parallelism\",\n    \"integer div\",\n    \"integer div-parallelism\",\n    \"integer mod\",\n    \"integer mod-parallelism\",\n    \"int64 bit\",\n    \"int64 bit-parallelism\",\n    \"int64 add\",\n    \"int64 add-parallelism\",\n    \"int64 mul\",\n    \"int64 mul-parallelism\",\n    \"int64 div\",\n    \"int64 div-parallelism\",\n    \"int64 mod\",\n    \"int64 mod-parallelism\",\n    \"float add\",\n    \"float add-parallelism\",\n    \"float mul\",\n    \"float mul-parallelism\",\n    \"float div\",\n    \"float div-parallelism\",\n    \"double add\",\n    \"double add-parallelism\",\n    \"double mul\",\n    \"double mul-parallelism\",\n    \"double div\",\n    \"double div-parallelism\",\n    \"float-bogomflops\",\n    \"double-bogomflops\",\n    \"stream-copy-latency\",\n    \"stream-copy-bandwidth\",\n    \"stream-scale-latency\",\n    \"stream-scale-bandwidth\",\n    \"stream-add-latency\",\n    \"stream-add-bandwidth\",\n    \"stream-triad-latency\",\n    \"stream-triad-bandwidth\",\n    \"stream2-fill-latency\",\n    \"stream2-fill-bandwidth\",\n    \"stream2-copy-latency\",\n    \"stream2-copy-bandwidth\",\n    \"stream2-daxpy-latency\",\n    \"stream2-daxpy-bandwidth\",\n    \"stream2-sum-latency\",\n    \"stream2-sum-bandwidth\",\n    \"mmap-lat\",\n    \"filesystem\",\n    \"tcp-bw\",\n    \"file-read\",\n    \"file-open-read\",\n    \"mmap-read\",\n    \"mmap-open-read\",\n    \"bcopy\",\n    \"bcopy-aligned\",\n    \"bzero\",\n    \"fcp\",\n    \"cp\",\n    \"frd\",\n    \"rd\",\n    \"fwr\",\n    \"wr\",\n    \"rdwr\",\n    \"ctx-0\",\n    \"ctx-4\",\n    \"ctx-8\",\n    \"ctx-16\",\n    \"ctx-32\",\n    \"ctx-64\",\n    \"file-write\",\n    \"pagefault\",\n    \"http\",\n    \"tlb\",\n    \"memory-latency\",\n    \"random-latency\",\n    \"memory-parallelism\"\n  ],\n  \"missing\": [],\n  \"errors\": [],\n  \"metadata_warnings\": [],\n  \"scope\": \"native ALL, 8 MiB, one copy, FASTMEM; no raw disks or remote hosts\",\n  \"native_result_files\": [\n    \"/opt/lmbench/results/riscv64-unknown-linux-gnu/ubuntu-MS-7D76.0\"\n  ],\n  \"elapsed_seconds\": 591.668\n}\n"}}
LIFECYCLE {"kind": "native-exit", "elapsed": 604.973, "value": {"status": 0}}
LIFECYCLE {"kind": "complete", "elapsed": 604.973, "value": "native-results-collected"}
LIFECYCLE_EXIT status=0
[1]+  Done                    ( python3 -u /run/lifecycle.py; printf 'LIFECYCLE_EXIT status=%s\n' "$?" ) > /run/lifecycle.log 2>&1

CONTROL_53c49e188b43c7f6ba1f403e status=0 uid=0 boot=fcf07b47-2b5d-4771-b4ae-17770cc41be6
true; s=$?; printf '\nCONTROL_%s root@asterinas-debug:/# true; s=$?; printf '\nCONTROL_%s status=%s uid=%s boot=%s\n' f64b723e13c5e9e1e57acd30 "$s" "$(id -u)" "$(cat /proc/sys/kernel/random/boot_id)"

CONTROL_f64b723e13c5e9e1e57acd30 status=0 uid=0 boot=fcf07b47-2b5d-4771-b4ae-17770cc41be6
